"SUBSTANCE_GROUP","SUBSTANCE","SUBSTANCE_CAS"
"ANTIMONY AND ANTIMONY COMPOUNDS","ANTIMONY BUTTER","10025-91-9"
"ANTIMONY AND ANTIMONY COMPOUNDS","ANTIMONY COMPD. WITH INDIUM (1:1)","1312-41-0"
"ANTIMONY AND ANTIMONY COMPOUNDS","ANTIMONY PENTASULFIDE","1315-04-4"
"ANTIMONY AND ANTIMONY COMPOUNDS","ANTIMONY-SULPHIDE","1345-04-6"
"ANTIMONY AND ANTIMONY COMPOUNDS","ANTIMONY-TRIFLUORIDE","7783-56-4"
"ANTIMONY AND ANTIMONY COMPOUNDS","Antimony","7440-36-0"
"ANTIMONY AND ANTIMONY COMPOUNDS","Antimony trioxide","1309-64-4"
"ANTIMONY AND ANTIMONY COMPOUNDS","DIANTIMONY-PENTOXIDE","1314-60-9"
"ANTIMONY AND ANTIMONY COMPOUNDS","GALLIUM ANTIMONIDE","12064-03-8"
"AROMATIC AMINES AND DYES","3,3'-dimethylbenzidine","119-93-0"
"AROMATIC AMINES AND DYES","O-TOLUIDINE SALTS","3165-93-3"
"ARSENIC AND ARSENIC COMPOUNDS","ARSENIC ACID (H3AS04), TRIETHYL ESTER","15606-95-8"
"ARSENIC AND ARSENIC COMPOUNDS","ARSENIC PENTASULFIDE","1303-34-0"
"ARSENIC AND ARSENIC COMPOUNDS","ARSENIC TRISULFIDE","1303-33-9"
"ARSENIC AND ARSENIC COMPOUNDS","ARSENIC-ACID","7778-39-4"
"ARSENIC AND ARSENIC COMPOUNDS","Arsenic","7440-38-2"
"ARSENIC AND ARSENIC COMPOUNDS","CALCIUM-ARSENATE","7778-44-1"
"ASBESTOS AND ASBESTOS COMPOUNDS","AMORPHOUS CROCIDOLITE ASBESTOS","12001-28-4"
"ASBESTOS AND ASBESTOS COMPOUNDS","AMOSITE ASBESTOS","12172-73-5"
"ASBESTOS AND ASBESTOS COMPOUNDS","ANTHOPHYLLITE ASBESTOS","17068-78-9"
"ASBESTOS AND ASBESTOS COMPOUNDS","ASBESTOS, ACTINOLITE","77536-66-4"
"ASBESTOS AND ASBESTOS COMPOUNDS","ASBESTOS, CROCIDOLITE","132207-33-1"
"ASBESTOS AND ASBESTOS COMPOUNDS","ASBESTOS, CRYSOTIL","132207-32-0"
"ASBESTOS AND ASBESTOS COMPOUNDS","ASBESTOS, TREMOLITE","77536-68-6"
"ASBESTOS AND ASBESTOS COMPOUNDS","ASBESTOS, UNSPECIFIED","1332-21-4"
"ASBESTOS AND ASBESTOS COMPOUNDS","Asbestos","77536-67-5"
"ASBESTOS AND ASBESTOS COMPOUNDS","Chrysotile","12001-29-5"
"ASBESTOS AND ASBESTOS COMPOUNDS","FERROACTINOLYTE","13768-00-8"
"AZO DYES","(CHROMATE(5-),BIS[5-[(4-AMINO-6-CHLORO-1,3,5-TRIAZIN-2-YL)AMINO]-4-(HYDROXY-KO)-3-[2-[2-(HYDROXY-KO)-5-NITROPHENYL]DIAZENYL-KN1]-2,7-NAPHTHALENEDISULFONATO(4-)]-,SODIUM HYDROGEN (1:4:1) )","70776-54-4"
"AZO DYES","1-(2-CHLORO-4-NITROPHENYLAZO)-2-NAPHTHOL","2814-77-9"
"AZO DYES","1-(4-METHYL-2-NITROPHENYLAZO)-2-NAPHTHOL","2425-85-6"
"AZO DYES","1-AZA-2,4-CYCLOPENTADIENE","109-97-7"
"AZO DYES","1-PHENYLAZO-2-NAPHTHOL","842-07-9"
"AZO DYES","1-[(2,4-DINITROPHENYL)AZO]-2-NAPHTHOL","3468-63-1"
"AZO DYES","1-[[4-[(DIMETHYLPHENYL)AZO]DIMETHYLPHENYL]AZO]-2-NAPHTHOL","1320-06-5"
"AZO DYES","2'-((2-BROMO-4,6-DINITROPHENYL)AZO)-5'-(DIETHYLAMINO)-P-ACETANISIDIDE","56548-64-2"
"AZO DYES","2,2'-AZOBIS[2,4-DIMETHYLVALERONITRILE]","4419-11-8"
"AZO DYES","2,2'-DIMETHYL-2,2'-AZODIPROPIONONITRILE","78-67-1"
"AZO DYES","2,2'-[(3,3'-DICHLORO[1,1'-BIPHENYL]-4,4'-DIYL)BIS(AZO)]BIS[N-(4-CHLO...","5567-15-7"
"AZO DYES","2,2'-[ETHYLENEBIS(OXYPHENYL-2,1-ENEAZO)]BIS[N-(2,3-DIHYDRO-2-OXO-1H-...","77804-81-0"
"AZO DYES","2,4,5-trimethylaniline","137-17-7"
"AZO DYES","2,4-DAA","615-05-4"
"AZO DYES","2,4-DIHYDRO-4-[(2-METHOXYPHENYL)AZO]-5-METHYL-2-PHENYL-3H-PYRAZOL-3-...","4645-07-2"
"AZO DYES","2-AMINOTOLUENE","95-53-4"
"AZO DYES","2-METHYL-5-NITROANILINE","99-55-8"
"AZO DYES","2-NAPHTHOL, 1-((4-(O-TOLYLAZO)-O-TOLYL)AZO)","85-83-6"
"AZO DYES","2-[(2-CYANOETHYL)[4-[(6-NITROBENZOTHIAZOL-2-YL)AZO]PHENYL]AMINO]ETHY...","68133-69-7"
"AZO DYES","2-[(2-METHOXY-4-NITROPHENYL)AZO]-N-(2-METHOXYPHENYL)-3-OXOBUTYRAMIDE","6358-31-2"
"AZO DYES","2-[(4-CHLORO-2-NITROPHENYL)AZO]-N-(2,3-DIHYDRO-2-OXO-1H-BENZIMIDAZOL-5-YL)-3-OXOBUTYRAMIDE","12236-62-3"
"AZO DYES","2-[(4-CHLORO-2-NITROPHENYL)AZO]-N-(2-CHLOROPHENYL)-3-OXOBUTYRAMIDE","6486-23-3"
"AZO DYES","2-[(4-CHLORO-2-NITROPHENYL)AZO]-N-(2-METHOXYPHENYL)-3-OXOBUTYRAMIDE","13515-40-7"
"AZO DYES","2-[(4-METHOXY-2-NITROPHENYL)AZO]-N-(2-METHOXYPHENYL)-3-OXOBUTYRAMIDE","6528-34-3"
"AZO DYES","2-[(4-METHYL-2-NITROPHENYL)AZO]-3-OXO-N-PHENYLBUTYRAMIDE","2512-29-0"
"AZO DYES","2-naphthylamine","91-59-8"
"AZO DYES","3,3'-((P-((2-CHLORO-4-NITROPHENYL)AZO)PHENYLIMINO)BISPROPIONITRILE","4058-30-4"
"AZO DYES","3,3'-((P-(2,6-DICHLORO-4-NITROPHENYL)AZO)PHENYLIMINO)DIPROPIONITRILE","67923-43-7"
"AZO DYES","3,3'-DIANISIDINE","119-90-4"
"AZO DYES","3,3'-dichlorobenzidine","91-94-1"
"AZO DYES","3-[(4-CHLORO-2-NITROPHENYL)AZO]-2-METHYLPYRAZOLO[5,1-B]QUINAZOLIN-9(...","74336-59-7"
"AZO DYES","3H-PYRAZOL-3-ONE, 4,4'-[(3,3'-DICHLORO[1,1'-BIPHENYL]-4,4'-DIYL)BIS(AZO)]BIS[2,4-DIHYDRO-5-METHYL-2-PHENYL","3520-72-7"
"AZO DYES","4,4'-BI-O-TOLUIDINE","119-93-7"
"AZO DYES","4,4'-BIPHENYLDIAMINE","92-87-5"
"AZO DYES","4,4'-METHYLENEBIS[2-CHLOROANILINE]","101-14-4"
"AZO DYES","4,4'-methylenedi-o-toluidine","838-88-0"
"AZO DYES","4,4'-oxydianiline","101-80-4"
"AZO DYES","4,4'-thiodianiline","139-65-1"
"AZO DYES","4-((2,5-DICHLOROPHENYL)AZO)-N-(2,3-DIHYDRO-2-OXO-1H-BENZIMIDAZOL-- ...","6992-11-6"
"AZO DYES","4-((4-((P-NITROPHENYL)AZO)-2-METHOXYPHENYL)AZO)PHENOL","19800-42-1"
"AZO DYES","4-((5-CHLORO-2-SULFO-P-TOLYL)AZO)-3-HYDROXY-2-NAPHTHALENECARBOXYLICACID, STRONTIUM SALT","15782-05-5"
"AZO DYES","4-AMINOAZOBENZENE","60-09-3"
"AZO DYES","4-O-TOLYLAZO-O-TOLUIDINE","97-56-3"
"AZO DYES","4-[(4-NITROPHENYL)AZO]-N-PHENYLANILINE","2581-69-3"
"AZO DYES","4-chloro-o-toluidine","95-69-2"
"AZO DYES","4-chloroaniline","106-47-8"
"AZO DYES","4-methyl-m-phenylenediamine","95-80-7"
"AZO DYES","5,5'-AZOBIS(2,4,6-PYRIMIDINETRIOL), NICKEL COMPLEX","68511-62-6"
"AZO DYES","6-methoxy-m-toluidine","120-71-8"
"AZO DYES","ACID BLACK 26","6262-07-3"
"AZO DYES","ACID BLUE 82 226","104105-46-6"
"AZO DYES","ACID BROWN 298","12234-78-5"
"AZO DYES","ACID ORANGE 7","633-96-5"
"AZO DYES","ACID RED 151","6406-56-0"
"AZO DYES","AMIDO BLACK 10B","1064-48-8"
"AZO DYES","AZACYCLOHEXANE","110-89-4"
"AZO DYES","AZO DYE","84989-26-4"
"AZO DYES","BENZIMIDAZOLON PIGMENT","68134-22-5"
"AZO DYES","BIS(4-FLUOROPHENYL)-METHYL-(1,2,4-TRIAZOL-4-YLMETHYL)SILANE HYDROCHL...","101804-03-9"
"AZO DYES","BISBENZIMIDAZO[2,1-B:2',1'-I]BENZO[LMN][3,8]PHENANTHROLINE-8,17-DIONE","4424-06-0"
"AZO DYES","BRILLIANT CROCEINE","5413-75-2"
"AZO DYES","C,C'-azodi(formamide)","123-77-3"
"AZO DYES","C. I. PIGMENT RED 146","5280-68-2"
"AZO DYES","C.I. ACID BLACK 52","5610-64-0"
"AZO DYES","C.I. DISPERSE BLUE 291:1","51868-46-3"
"AZO DYES","C.I. PIGMENT RED 247","43035-18-3"
"AZO DYES","C.I.PIGMENT RED 48.4","5280-66-0"
"AZO DYES","DIARYLIDE YELLOW","78952-72-4"
"AZO DYES","DIPHENYL FAST BROWN BRL","16071-86-6"
"AZO DYES","DIPHENYLDIAZENE","103-33-3"
"AZO DYES","O-AMINOANISOLE","90-04-0"
"AZO DYES","REACTIVE BROWN 11","12225-68-2"
"AZO DYES","TRIHYDROGEN BIS[3-[(4,5-DIHYDRO-3-METHYL-5-OXO-1-PHENYL-1H-PYRAZOL-4-YL)AZO]-2-HYDROXY-5-NITROBENZENESULPHONATO(3-)]CHROMATE(3-)","13463-42-8"
"AZO DYES","biphenyl-4-ylamine","92-67-1"
"BANNED SUBSTANCES (VARIOUS)","2-BENZOTRIAZOL-2-YL-4,6-DI-TERT-BUTYLPHENOL","3846-71-7"
"BANNED SUBSTANCES (VARIOUS)","Dimethylfumerate","624-49-7"
"BANNED SUBSTANCES (VARIOUS)","SULPHUR-HEXAFLUORIDE","2551-62-4"
"BARIUM AND BARIUM COMPOUNDS","Ba","7440-39-3"
"BARIUM AND BARIUM COMPOUNDS","BaO","1304-28-5"
"BERYLLIUM AND BERYLLIUM COMPOUNDS","BERYLLIUM PHOSPHATE ","13598-15-7"
"BERYLLIUM AND BERYLLIUM COMPOUNDS","Beryl ore","1302-52-9"
"BERYLLIUM AND BERYLLIUM COMPOUNDS","Beryllium chloride","7787-47-5"
"BERYLLIUM AND BERYLLIUM COMPOUNDS","Beryllium fluoride","7787-49-7"
"BERYLLIUM AND BERYLLIUM COMPOUNDS","Beryllium oxide","1304-56-9"
"BERYLLIUM AND BERYLLIUM COMPOUNDS","Beryllium sulfate tetrahydrate","7787-56-6"
"BERYLLIUM AND BERYLLIUM COMPOUNDS","ZINC BERYLLIUM SILICATE ","39413-47-3"
"BROMINATED FLAME RETARDANTS","(ALLYLOXY)TRIBROMOBENZENE","26762-91-4"
"BROMINATED FLAME RETARDANTS","(PENTABROMOPHENYL)METHYL ACRYLATE","59447-55-1"
"BROMINATED FLAME RETARDANTS","1,1'-(ETHANE-1,2-DIYL)BIS[PENTABROMOBENZENE]","84852-53-9"
"BROMINATED FLAME RETARDANTS","1,2-BENZENEDICARBOXYLIC ACID, 3,4,5,6-TETRABROMO-, BIS(2-ETHYLHEXYL)...","26040-51-7"
"BROMINATED FLAME RETARDANTS","1,2-BENZENEDICARBOXYLIC ACID, 3,4,5,6-TETRABROMO-, DIMETHYL ESTER (9CI)","55481-60-2"
"BROMINATED FLAME RETARDANTS","1,2-BIS(TETRABROMOPHTHALIMIDE)ETHANE","32588-76-4"
"BROMINATED FLAME RETARDANTS","1,3,5-TRIS(2,3-DIBROMOPROPYL)-1,3,5-TRIAZINE-2,4,6(1H,3H,5H)-TRIONE","52434-90-9"
"BROMINATED FLAME RETARDANTS","2,2',6,6'-TETRABROMO-4,4'-ISOPROPYLIDENEDIPHENOL","79-94-7"
"BROMINATED FLAME RETARDANTS","2,3,4,5,6,ALPHA-HEXABROMOTOLUENE","38521-51-6"
"BROMINATED FLAME RETARDANTS","2,3-DIBROMOBUT-2-ENE-1,4-DIOL","3234-02-4"
"BROMINATED FLAME RETARDANTS","2-PROPENOIC ACID, (PENTABROMOPHENYL)METHYL ESTER, HOMOPOLYMER","59447-57-3"
"BROMINATED FLAME RETARDANTS","3,4,5,6-TETRABROMOPHTHALIC ANHYDRIDE, ETHYLENE GLYCOL,PROPYLENE OXIDE REACTION PRODUCTS","75790-69-1"
"BROMINATED FLAME RETARDANTS","3,5,3',5'-Tetrabromobisphenol A, epichlorohydrin polymer","40039-93-8"
"BROMINATED FLAME RETARDANTS","ALKANE, C10-18-, BROM- CHLOR-","68955-41-9"
"BROMINATED FLAME RETARDANTS","BENZENE, 1,3,5-TRIBROMO-2-(2-PROPENYLOXY)-","3278-89-5"
"BROMINATED FLAME RETARDANTS","BENZENE, ETHENYL-, AR-BROMO DERIVS, POLYMERS WITH PROPENE, GRAFT","171091-06-8"
"BROMINATED FLAME RETARDANTS","BENZENE, ETHENYL-, TRIBROMO DERIV., HOMOPOLYMER","57137-10-7"
"BROMINATED FLAME RETARDANTS","BISPHENOL A, EPICHLOROHYDRIN, TETRABROMOBISPHENOL A POLYMER","26265-08-7"
"BROMINATED FLAME RETARDANTS","BISPHENOL A, PHOSGENE, TETRABROMOBISPHENOL A POLYMER","32844-27-2"
"BROMINATED FLAME RETARDANTS","BIS[3,5-DIBROMO-4-(2,3-DIBROMOPROPOXY)PHENYL] SULPHONE","42757-55-1"
"BROMINATED FLAME RETARDANTS","BROMOETHYLENE","593-60-2"
"BROMINATED FLAME RETARDANTS","BROMOKLOR 50 (9CI)","82600-56-4"
"BROMINATED FLAME RETARDANTS","Benzene, ethenyl-, ar-bromo derivs, homopolymers","148993-99-1"
"BROMINATED FLAME RETARDANTS","Bromophenol, formaldehyde, epichlorohydrin polymer","68541-56-0"
"BROMINATED FLAME RETARDANTS","CARBONIC DICHLORIDE, POLYMER WITH 4,4'-(1-METHYLETHYLIDENE)BIS(2,6-D...","71342-77-3"
"BROMINATED FLAME RETARDANTS","CARBONIC DICHLORIDE, POLYMER WITH 4,4'-(1-METHYLETHYLIDENE)BIS(2,6-DIBROMOPHENOL) AND PHENOL","94334-64-2"
"BROMINATED FLAME RETARDANTS","DIBROMOSTYRENE","31780-26-4"
"BROMINATED FLAME RETARDANTS","ETHOXYLATED HYDANTOIN GLYCOL DICOCOATE","96-13-9"
"BROMINATED FLAME RETARDANTS","N-(2,4,6-TRIBROMOPHENYL) MALEINIMIDE","59789-51-4"
"BROMINATED FLAME RETARDANTS","PENTABROMOTOLUENE","87-83-2"
"BROMINATED FLAME RETARDANTS","PENTAERYTHRITOL DIBROMOHYDRIN","3296-90-0"
"BROMINATED FLAME RETARDANTS","PHENOL, 2,4-DIBROMO-","615-58-7"
"BROMINATED FLAME RETARDANTS","PHENOL, 4,4'-SULFONYLBIS(2,6-DIBROMO-","39635-79-5"
"BROMINATED FLAME RETARDANTS","PHENOL, PENTABROMO-","608-71-9"
"BROMINATED FLAME RETARDANTS","PHOSPHORIC ACID, MIXED 3-BROMO-2,2-DIMETHYLPROPYL AND 2-BROMOETHYL AND 2-CHLOROETHYL ESTERS","125997-20-8"
"BROMINATED FLAME RETARDANTS","POLYBUTADIENE, BROMINATED","68441-46-3"
"BROMINATED FLAME RETARDANTS","PRATHERM EC 14 (9CI)","139638-58-7"
"BROMINATED FLAME RETARDANTS","PRATHERM EC 20 (9CI)","135229-48-0"
"BROMINATED FLAME RETARDANTS","SAYTEX BN 451","52907-07-0"
"BROMINATED FLAME RETARDANTS","TBBA","30496-13-0"
"BROMINATED FLAME RETARDANTS","TETRABROMOBISPHENOL A","21850-44-2"
"BROMINATED FLAME RETARDANTS","TETRABROMOBISPHENOL A BIS(ALLYL ETHER)","25327-89-3"
"BROMINATED FLAME RETARDANTS","TETRABROMOBISPHENOL A BIS(ETHOXYLATE)","4162-45-2"
"BROMINATED FLAME RETARDANTS","TETRABROMOBISPHENOL A, 2,2-BIS(4-(2,3-EPOXYPROPYLOXY)DIBROMOPHENYL)PROPANE POLYMER","70682-74-5"
"BROMINATED FLAME RETARDANTS","TETRABROMOBISPHENOL A, PHOSGENE, POLYMER","28906-13-0"
"BROMINATED FLAME RETARDANTS","TETRABROMOBISPHENOL B","37853-61-5"
"BROMINATED FLAME RETARDANTS","TETRABROMOCYCLOOCTANE","31454-48-5"
"BROMINATED FLAME RETARDANTS","TETRABROMOPHTHALIC ACID, SODIUM SALT","25357-79-3"
"BROMINATED FLAME RETARDANTS","TETRABROMOPHTHALIC ANHYDRIDE","632-79-1"
"BROMINATED FLAME RETARDANTS","TRIBROMONEOPENTYL ALCOHOL","36483-57-5"
"BROMINATED FLAME RETARDANTS","TRIBROMOPHENOL","118-79-6"
"BROMINATED FLAME RETARDANTS","TRIBROMOSTYRENE","61368-34-1"
"BROMINATED FLAME RETARDANTS","TRIS(DIBROMOPHENYL) PHOSPHATE","49690-63-3"
"BROMINATED FLAME RETARDANTS","TRIS(TRIBROMONEOPENTYL) PHOSPHATE","19186-97-1"
"BROMINATED FLAME RETARDANTS","VINYLCYCLOHEXENE TETRABROMIDE","3322-93-8"
"CADMIUM AND CADMIUM COMPOUNDS","9,12-OCTADECADIENOIC ACID (Z,Z)-, DIMER, POLYMER WITH N-(2-AMINOETHYL)-1,2-ETHANEDIAMINE","37189-83-6"
"CADMIUM AND CADMIUM COMPOUNDS","BIS(DIETHYLDITHIOCARBAMATO)CADMIUM","14239-68-0"
"CADMIUM AND CADMIUM COMPOUNDS","C.I. PIGMENT RED 108","58339-34-7"
"CADMIUM AND CADMIUM COMPOUNDS","C.I. PIGMENT YELLOW 35","8048-07-5"
"CADMIUM AND CADMIUM COMPOUNDS","CADMIUM DI(ACETATE)","543-90-8"
"CADMIUM AND CADMIUM COMPOUNDS","CADMIUM DINITRATE TETRAHYDRATE","10022-68-1"
"CADMIUM AND CADMIUM COMPOUNDS","CADMIUM DISTEARATE","2223-93-0"
"CADMIUM AND CADMIUM COMPOUNDS","CADMIUM HEXAFLUOROSILICATE(2-)","17010-21-8"
"CADMIUM AND CADMIUM COMPOUNDS","CADMIUM SELENIDE","1306-24-7"
"CADMIUM AND CADMIUM COMPOUNDS","CADMIUM SELENIDE SULFIDE","12626-36-7"
"CADMIUM AND CADMIUM COMPOUNDS","CADMIUM SULFATE (1:1) HYDRATE (3:8)","7790-84-3"
"CADMIUM AND CADMIUM COMPOUNDS","CADMIUM TUNGSTATE","7790-85-4"
"CADMIUM AND CADMIUM COMPOUNDS","CADMIUM-CARBONATE","513-78-0"
"CADMIUM AND CADMIUM COMPOUNDS","CADMIUM-CHLORIDE","10108-64-2"
"CADMIUM AND CADMIUM COMPOUNDS","CADMIUM-CYANIDE","542-83-6"
"CADMIUM AND CADMIUM COMPOUNDS","CADMIUM-DIFORMATE","4464-23-7"
"CADMIUM AND CADMIUM COMPOUNDS","CADMIUM-FLUORIDE","7790-79-6"
"CADMIUM AND CADMIUM COMPOUNDS","CADMIUM-IODIDE","7790-80-9"
"CADMIUM AND CADMIUM COMPOUNDS","CADMIUM-LITHOPONE-YELLOW","90604-90-3"
"CADMIUM AND CADMIUM COMPOUNDS","CADMIUM-NITRATE","10325-94-7"
"CADMIUM AND CADMIUM COMPOUNDS","CADMIUM-OXIDE","1306-19-0"
"CADMIUM AND CADMIUM COMPOUNDS","CADMIUM-SULPHATE","10124-36-4"
"CADMIUM AND CADMIUM COMPOUNDS","CADMIUM-SULPHIDE","1306-23-6"
"CADMIUM AND CADMIUM COMPOUNDS","CADMIUM-TELLURIDE","1306-25-8"
"CADMIUM AND CADMIUM COMPOUNDS","CADMIUM-ZINC-LITHOPONE-YELLOW","90604-89-0"
"CADMIUM AND CADMIUM COMPOUNDS","CADMIUM-ZINC-SULPHIDE","12442-27-2"
"CADMIUM AND CADMIUM COMPOUNDS","Cadmium","7440-43-9"
"CADMIUM AND CADMIUM COMPOUNDS","LITHOPONE RED","39283-22-2"
"CHLORINATED FLAME RETARDANTS (CFR)","1,6,7,8,9,14,15,16,17,17,18,18-DODECACHLOROPENTACYCLO[12.2.1.1-{6,9}-.0-{2,13}-.0-{5,10}-]OCTADECA-7,15-DIENE","13560-89-9"
"CHLORINATED FLAME RETARDANTS (CFR)","2,2-BIS(CHLOROMETHYL)TRIMETHYLENE BIS(BIS(2-CHLOROETHYL)PHOSPHATE)","38051-10-4"
"CHLORINATED FLAME RETARDANTS (CFR)","2-PROPANOL, 1,3-DICHLORO-, PHOSPHATE (3:1)","13674-87-8"
"CHLORINATED FLAME RETARDANTS (CFR)","2-PROPANOL, 1-CHLORO-, PHOSPHATE (3:1)","13674-84-5"
"CHLORINATED FLAME RETARDANTS (CFR)","CHLORENDIC ACID","115-28-6"
"CHLORINATED FLAME RETARDANTS (CFR)","HEXACHLOROCYCLOPENTADIENYL-DIBROMOCYCLOOCTANE (HCDBCO)","51936-55-1"
"CHLORINATED FLAME RETARDANTS (CFR)","TRIS(2,3-DICHLORO-1-PROPYL)PHOSPHATE","66108-37-0"
"CHLOROFLUOROCARBONS AND HALONS (CLASS I AND II OZONE DEPLETING CHEMICALS)","(CHLOROMETHYL)BIS(4-FLUOROPHENYL)METHYLSILANE","85491-26-5"
"CHLOROFLUOROCARBONS AND HALONS (CLASS I AND II OZONE DEPLETING CHEMICALS)","1,1,1,2-TETRACHLORO-2,2-DIFLUOROETHANE","76-11-9"
"CHLOROFLUOROCARBONS AND HALONS (CLASS I AND II OZONE DEPLETING CHEMICALS)","1,1,1,2-TETRACHLORO-2-FLUOROETHANE","354-11-0"
"CHLOROFLUOROCARBONS AND HALONS (CLASS I AND II OZONE DEPLETING CHEMICALS)","1,1,1,3-TETRACHLORO-2,2,3,3-TETRAFLUOROPROPANE","2268-46-4"
"CHLOROFLUOROCARBONS AND HALONS (CLASS I AND II OZONE DEPLETING CHEMICALS)","1,1,1-TRICHLORO-2,2,2-TRIFLUOROETHANE","354-58-5"
"CHLOROFLUOROCARBONS AND HALONS (CLASS I AND II OZONE DEPLETING CHEMICALS)","1,1,1-TRICHLOROETHANE","71-55-6"
"CHLOROFLUOROCARBONS AND HALONS (CLASS I AND II OZONE DEPLETING CHEMICALS)","1,1,1-TRICHLOROFLUOROETHANE","2366-36-1"
"CHLOROFLUOROCARBONS AND HALONS (CLASS I AND II OZONE DEPLETING CHEMICALS)","1,1,1-Trichloropentafluoropropane","4259-43-2"
"CHLOROFLUOROCARBONS AND HALONS (CLASS I AND II OZONE DEPLETING CHEMICALS)","1,1,2,2-TETRABROMOETHANE","79-27-6"
"CHLOROFLUOROCARBONS AND HALONS (CLASS I AND II OZONE DEPLETING CHEMICALS)","1,1,2,2-TETRACHLORO-1-FLUOROETHANE","354-14-3"
"CHLOROFLUOROCARBONS AND HALONS (CLASS I AND II OZONE DEPLETING CHEMICALS)","1,1,2,2-TETRACHLOROETHANE","79-34-5"
"CHLOROFLUOROCARBONS AND HALONS (CLASS I AND II OZONE DEPLETING CHEMICALS)","1,1,2-TRICHLORO-1,2-DIFLUOROETHANE","354-15-4"
"CHLOROFLUOROCARBONS AND HALONS (CLASS I AND II OZONE DEPLETING CHEMICALS)","1,1,2-TRICHLORO-1-FLUOROETHANE","811-95-0"
"CHLOROFLUOROCARBONS AND HALONS (CLASS I AND II OZONE DEPLETING CHEMICALS)","1,1,2-TRICHLORO-2-FLUOROETHANE","359-28-4"
"CHLOROFLUOROCARBONS AND HALONS (CLASS I AND II OZONE DEPLETING CHEMICALS)","1,1,2-TRICHLOROETHANE","79-00-5"
"CHLOROFLUOROCARBONS AND HALONS (CLASS I AND II OZONE DEPLETING CHEMICALS)","1,1,2-TRICHLOROTRIFLUOROETHANE","76-13-1"
"CHLOROFLUOROCARBONS AND HALONS (CLASS I AND II OZONE DEPLETING CHEMICALS)","1,1-DICHLORO-1,2,2,2-TETRAFLUOROETHANE","374-07-2"
"CHLOROFLUOROCARBONS AND HALONS (CLASS I AND II OZONE DEPLETING CHEMICALS)","1,1-DICHLORO-1-FLUOROETHANE","1717-00-6"
"CHLOROFLUOROCARBONS AND HALONS (CLASS I AND II OZONE DEPLETING CHEMICALS)","1,1-DICHLORO-2-FLUOROETHANE","430-53-5"
"CHLOROFLUOROCARBONS AND HALONS (CLASS I AND II OZONE DEPLETING CHEMICALS)","1,1-DICHLOROPROPENE","563-58-6"
"CHLOROFLUOROCARBONS AND HALONS (CLASS I AND II OZONE DEPLETING CHEMICALS)","1,1-dichloro-2,2-difluoroethane","471-43-2"
"CHLOROFLUOROCARBONS AND HALONS (CLASS I AND II OZONE DEPLETING CHEMICALS)","1,2,2-TRICHLORO-1-FLUOROETHANE, HCFC-131","359-28-2"
"CHLOROFLUOROCARBONS AND HALONS (CLASS I AND II OZONE DEPLETING CHEMICALS)","1,2,2-trichloro-1,1-difluoroethane","354-21-2"
"CHLOROFLUOROCARBONS AND HALONS (CLASS I AND II OZONE DEPLETING CHEMICALS)","1,2-BICHLOROETHANE","107-06-2"
"CHLOROFLUOROCARBONS AND HALONS (CLASS I AND II OZONE DEPLETING CHEMICALS)","1,2-DIBROMO-1,1,2,2-TETRAFLUOROETHANE","124-73-2"
"CHLOROFLUOROCARBONS AND HALONS (CLASS I AND II OZONE DEPLETING CHEMICALS)","1,2-DIBROMO-3-CHLOROPROPANE","96-12-8"
"CHLOROFLUOROCARBONS AND HALONS (CLASS I AND II OZONE DEPLETING CHEMICALS)","1,2-DICHLORO-1,1,2,3,3,3-HEXAFLUOROPROPANE","661-97-2"
"CHLOROFLUOROCARBONS AND HALONS (CLASS I AND II OZONE DEPLETING CHEMICALS)","1,2-DICHLORO-1,1-DIFLUOROETHANE","1649-08-7"
"CHLOROFLUOROCARBONS AND HALONS (CLASS I AND II OZONE DEPLETING CHEMICALS)","1,2-DICHLORO-1-METHOXYETHANE","41683-62-9"
"CHLOROFLUOROCARBONS AND HALONS (CLASS I AND II OZONE DEPLETING CHEMICALS)","1,2-dichloro-1,2-difluoroethane","431-06-1"
"CHLOROFLUOROCARBONS AND HALONS (CLASS I AND II OZONE DEPLETING CHEMICALS)","1,2-dichloro-1-fluoroethane","430-57-9"
"CHLOROFLUOROCARBONS AND HALONS (CLASS I AND II OZONE DEPLETING CHEMICALS)","1,3-DICHLOROPROPENE","542-75-6"
"CHLOROFLUOROCARBONS AND HALONS (CLASS I AND II OZONE DEPLETING CHEMICALS)","1-BROMO-3-CHLOROPROPANE","109-70-6"
"CHLOROFLUOROCARBONS AND HALONS (CLASS I AND II OZONE DEPLETING CHEMICALS)","1-BUTENE, 4-BROMO-3,3,4,4-TETRAFLUORO-, POLYMER WITH 1,1-DIFLUOROETH...","65059-79-2"
"CHLOROFLUOROCARBONS AND HALONS (CLASS I AND II OZONE DEPLETING CHEMICALS)","1-CHLORO-1,1,2,2,3,3,3-HEPTAFLUOROPROPANE","422-86-6"
"CHLOROFLUOROCARBONS AND HALONS (CLASS I AND II OZONE DEPLETING CHEMICALS)","1-CHLORO-1,1,2,2-TETRAFLUOROETHANE","354-25-6"
"CHLOROFLUOROCARBONS AND HALONS (CLASS I AND II OZONE DEPLETING CHEMICALS)","1-CHLORO-1,1,2,2-TETRAFLUOROETHANE, HCFC-124A","354-28-6"
"CHLOROFLUOROCARBONS AND HALONS (CLASS I AND II OZONE DEPLETING CHEMICALS)","1-CHLORO-1,1,2-TRIFLUOROETHANE","421-04-5"
"CHLOROFLUOROCARBONS AND HALONS (CLASS I AND II OZONE DEPLETING CHEMICALS)","1-CHLORO-1,1-DIFLUOROETHANE","75-68-3"
"CHLOROFLUOROCARBONS AND HALONS (CLASS I AND II OZONE DEPLETING CHEMICALS)","1-CHLORO-1,2,2,2-TETRAFLUOROETHANE","2837-89-0"
"CHLOROFLUOROCARBONS AND HALONS (CLASS I AND II OZONE DEPLETING CHEMICALS)","1-CHLORO-1,2-DIFLUORETHANE","338-64-7"
"CHLOROFLUOROCARBONS AND HALONS (CLASS I AND II OZONE DEPLETING CHEMICALS)","1-CHLORO-2,2,2-TRIFLUOROETHANE","77-88-7"
"CHLOROFLUOROCARBONS AND HALONS (CLASS I AND II OZONE DEPLETING CHEMICALS)","1-CHLORO-2,2,2-TRIFLUOROETHNANE","75-88-7"
"CHLOROFLUOROCARBONS AND HALONS (CLASS I AND II OZONE DEPLETING CHEMICALS)","1-CHLOROPENTANE","543-59-9"
"CHLOROFLUOROCARBONS AND HALONS (CLASS I AND II OZONE DEPLETING CHEMICALS)","1-PROPENE,1,2-DICHLORO- (9CI)","563-54-2"
"CHLOROFLUOROCARBONS AND HALONS (CLASS I AND II OZONE DEPLETING CHEMICALS)","1-chloro-1,2,2-trifluoroethane","431-07-2"
"CHLOROFLUOROCARBONS AND HALONS (CLASS I AND II OZONE DEPLETING CHEMICALS)","2,2-dichloro-1,1,1-trifluoroethane","306-83-2"
"CHLOROFLUOROCARBONS AND HALONS (CLASS I AND II OZONE DEPLETING CHEMICALS)","2,3,4-TRICHLOROBUT-1-ENE","2431-50-7"
"CHLOROFLUOROCARBONS AND HALONS (CLASS I AND II OZONE DEPLETING CHEMICALS)","2-CDE","338-65-8"
"CHLOROFLUOROCARBONS AND HALONS (CLASS I AND II OZONE DEPLETING CHEMICALS)","3,3-DICHLOROPROP-1-ENE","563-57-5"
"CHLOROFLUOROCARBONS AND HALONS (CLASS I AND II OZONE DEPLETING CHEMICALS)","3,5-DICHLORO-2,4-DIFLUOROBENZOYL FLUORIDE","101513-70-6"
"CHLOROFLUOROCARBONS AND HALONS (CLASS I AND II OZONE DEPLETING CHEMICALS)","3,5-DICHLORO-4-(1,1,2,2-TETRAFLUOROETHOXY)ANILINE","104147-32-2"
"CHLOROFLUOROCARBONS AND HALONS (CLASS I AND II OZONE DEPLETING CHEMICALS)","3-CHLOROPROPENE","107-05-1"
"CHLOROFLUOROCARBONS AND HALONS (CLASS I AND II OZONE DEPLETING CHEMICALS)","4-CHLORO-ALPHA,ALPHA,ALPHA-TRIFLUOROTOLUENE","98-56-6"
"CHLOROFLUOROCARBONS AND HALONS (CLASS I AND II OZONE DEPLETING CHEMICALS)","BROMOCHLOROMETHANE","74-97-5"
"CHLOROFLUOROCARBONS AND HALONS (CLASS I AND II OZONE DEPLETING CHEMICALS)","BROMOMETHANE","74-83-9"
"CHLOROFLUOROCARBONS AND HALONS (CLASS I AND II OZONE DEPLETING CHEMICALS)","BROMOTRIFLUOROMETHANE","75-63-8"
"CHLOROFLUOROCARBONS AND HALONS (CLASS I AND II OZONE DEPLETING CHEMICALS)","CARBON-TETRACHLORIDE","56-23-5"
"CHLOROFLUOROCARBONS AND HALONS (CLASS I AND II OZONE DEPLETING CHEMICALS)","CFC-111","354-56-3"
"CHLOROFLUOROCARBONS AND HALONS (CLASS I AND II OZONE DEPLETING CHEMICALS)","CFC-211","135401-87-5"
"CHLOROFLUOROCARBONS AND HALONS (CLASS I AND II OZONE DEPLETING CHEMICALS)","CHLORO(CHLOROMETHOXY)METHANE","542-88-1"
"CHLOROFLUOROCARBONS AND HALONS (CLASS I AND II OZONE DEPLETING CHEMICALS)","CHLORODIFLUOROMETHANE","75-45-6"
"CHLOROFLUOROCARBONS AND HALONS (CLASS I AND II OZONE DEPLETING CHEMICALS)","CHLORODIFLUOROPROPANE","134190-53-7"
"CHLOROFLUOROCARBONS AND HALONS (CLASS I AND II OZONE DEPLETING CHEMICALS)","CHLOROFLUOROETHANE","110587-14-9"
"CHLOROFLUOROCARBONS AND HALONS (CLASS I AND II OZONE DEPLETING CHEMICALS)","CHLOROFLUOROMETHANE","593-70-4"
"CHLOROFLUOROCARBONS AND HALONS (CLASS I AND II OZONE DEPLETING CHEMICALS)","CHLOROFLUOROPROPANE","134190-54-8"
"CHLOROFLUOROCARBONS AND HALONS (CLASS I AND II OZONE DEPLETING CHEMICALS)","CHLOROHEXAFLUOROPROPANE","28987-04-4"
"CHLOROFLUOROCARBONS AND HALONS (CLASS I AND II OZONE DEPLETING CHEMICALS)","CHLOROHEXAFLUOROPROPANE, HCFC-226","134308-72-8"
"CHLOROFLUOROCARBONS AND HALONS (CLASS I AND II OZONE DEPLETING CHEMICALS)","CHLOROPENTAFLUOROETHANE","76-15-3"
"CHLOROFLUOROCARBONS AND HALONS (CLASS I AND II OZONE DEPLETING CHEMICALS)","CHLOROPENTAFLUOROPROPANE","108662-83-5"
"CHLOROFLUOROCARBONS AND HALONS (CLASS I AND II OZONE DEPLETING CHEMICALS)","CHLOROTETRAFLUOROPROPANE","134190-50-4"
"CHLOROFLUOROCARBONS AND HALONS (CLASS I AND II OZONE DEPLETING CHEMICALS)","CHLOROTRIFLUOROETHANE","1330-45-6"
"CHLOROFLUOROCARBONS AND HALONS (CLASS I AND II OZONE DEPLETING CHEMICALS)","CHLOROTRIFLUOROETHYLENE","79-38-9"
"CHLOROFLUOROCARBONS AND HALONS (CLASS I AND II OZONE DEPLETING CHEMICALS)","CHLOROTRIFLUOROMETHANE","75-72-9"
"CHLOROFLUOROCARBONS AND HALONS (CLASS I AND II OZONE DEPLETING CHEMICALS)","CHLOROTRIFLUOROPROPANE","26588-23-8"
"CHLOROFLUOROCARBONS AND HALONS (CLASS I AND II OZONE DEPLETING CHEMICALS)","CIS-DICHLOROETHYLENE","156-59-2"
"CHLOROFLUOROCARBONS AND HALONS (CLASS I AND II OZONE DEPLETING CHEMICALS)","CRYOFLUORANE","76-14-2"
"CHLOROFLUOROCARBONS AND HALONS (CLASS I AND II OZONE DEPLETING CHEMICALS)","DIBROMODIFLUOROMETHANE","75-61-6"
"CHLOROFLUOROCARBONS AND HALONS (CLASS I AND II OZONE DEPLETING CHEMICALS)","DICHLORODIFLUOROMETHANE","75-71-8"
"CHLOROFLUOROCARBONS AND HALONS (CLASS I AND II OZONE DEPLETING CHEMICALS)","DICHLORODIFLUOROPROPANE","134190-52-6"
"CHLOROFLUOROCARBONS AND HALONS (CLASS I AND II OZONE DEPLETING CHEMICALS)","DICHLOROFLUOROMETHANE","75-43-4"
"CHLOROFLUOROCARBONS AND HALONS (CLASS I AND II OZONE DEPLETING CHEMICALS)","DICHLOROFLUOROPROPANE","127404-11-9"
"CHLOROFLUOROCARBONS AND HALONS (CLASS I AND II OZONE DEPLETING CHEMICALS)","DICHLOROPENTAFLUOROPROPANE","127564-92-5"
"CHLOROFLUOROCARBONS AND HALONS (CLASS I AND II OZONE DEPLETING CHEMICALS)","DICHLOROTETRAFLUOROETHANE","1320-37-2"
"CHLOROFLUOROCARBONS AND HALONS (CLASS I AND II OZONE DEPLETING CHEMICALS)","DICHLOROTETRAFLUOROPROPANE","127564-83-4"
"CHLOROFLUOROCARBONS AND HALONS (CLASS I AND II OZONE DEPLETING CHEMICALS)","DICHLOROTRIFLUOROPROPANE","116890-51-8"
"CHLOROFLUOROCARBONS AND HALONS (CLASS I AND II OZONE DEPLETING CHEMICALS)","ETHANE, 1,2-DIBROMO-1,1,2-TRIFLUORO-","354-04-1"
"CHLOROFLUOROCARBONS AND HALONS (CLASS I AND II OZONE DEPLETING CHEMICALS)","ETHANE, 1,2-DIBROMO-1,1-DIFLUORO-","75-82-1"
"CHLOROFLUOROCARBONS AND HALONS (CLASS I AND II OZONE DEPLETING CHEMICALS)","ETHANE, 1-BROMO-2-FLUORO-","762-49-2"
"CHLOROFLUOROCARBONS AND HALONS (CLASS I AND II OZONE DEPLETING CHEMICALS)","ETHANE, 2-BROMO-1,1,1-TRIFLUORO-","421-06-7"
"CHLOROFLUOROCARBONS AND HALONS (CLASS I AND II OZONE DEPLETING CHEMICALS)","ETHANE, CHLORODIFLUORO-","25497-29-4"
"CHLOROFLUOROCARBONS AND HALONS (CLASS I AND II OZONE DEPLETING CHEMICALS)","ETHANE,TRICHLOROTRIFLUORO-","26523-64-8"
"CHLOROFLUOROCARBONS AND HALONS (CLASS I AND II OZONE DEPLETING CHEMICALS)","ETHENE, 2-BROMO-1,1-DIFLUORO-","359-08-0"
"CHLOROFLUOROCARBONS AND HALONS (CLASS I AND II OZONE DEPLETING CHEMICALS)","FLUOROTETRACHLOROPROPANE","134190-49-1"
"CHLOROFLUOROCARBONS AND HALONS (CLASS I AND II OZONE DEPLETING CHEMICALS)","FLUOROTRICHLOROMETHANE","75-69-4"
"CHLOROFLUOROCARBONS AND HALONS (CLASS I AND II OZONE DEPLETING CHEMICALS)","HCFC-231","134190-48-0"
"CHLOROFLUOROCARBONS AND HALONS (CLASS I AND II OZONE DEPLETING CHEMICALS)","HCFC-232","127564-82-3"
"CHLOROFLUOROCARBONS AND HALONS (CLASS I AND II OZONE DEPLETING CHEMICALS)","HCFC-233","134237-40-4"
"CHLOROFLUOROCARBONS AND HALONS (CLASS I AND II OZONE DEPLETING CHEMICALS)","HEXACHLORODIFLUOROPROPANE","134452-44-1"
"CHLOROFLUOROCARBONS AND HALONS (CLASS I AND II OZONE DEPLETING CHEMICALS)","HEXACHLOROFLUOROPROPANE","29470-94-8"
"CHLOROFLUOROCARBONS AND HALONS (CLASS I AND II OZONE DEPLETING CHEMICALS)","N-[(DICHLOROFLUOROMETHYL)THIO]PHTHALIMIDE","719-96-0"
"CHLOROFLUOROCARBONS AND HALONS (CLASS I AND II OZONE DEPLETING CHEMICALS)","PENTACHLORODIFLUOROPROPANE","116867-32-4"
"CHLOROFLUOROCARBONS AND HALONS (CLASS I AND II OZONE DEPLETING CHEMICALS)","PROPANE, 1,1,1,2,2,3,3-HEPTACHLORO-3-FLUORO-","422-78-6"
"CHLOROFLUOROCARBONS AND HALONS (CLASS I AND II OZONE DEPLETING CHEMICALS)","PROPANE, 1,1,1,3,3-PENTACHLORO-2,2,3-TRIFLUORO-","2354-06-5"
"CHLOROFLUOROCARBONS AND HALONS (CLASS I AND II OZONE DEPLETING CHEMICALS)","PROPANE, 2,2-DIFLUORO-1,1,1,3,3,3-HEXACHLORO-","3182-26-1"
"CHLOROFLUOROCARBONS AND HALONS (CLASS I AND II OZONE DEPLETING CHEMICALS)","PROPANE, PENTACHLOROTRIFLUORO-","134237-31-3"
"CHLOROFLUOROCARBONS AND HALONS (CLASS I AND II OZONE DEPLETING CHEMICALS)","PROPANE, PENTAFLUORO-1,2,2-TRICHLORO-","1599-41-3"
"CHLOROFLUOROCARBONS AND HALONS (CLASS I AND II OZONE DEPLETING CHEMICALS)","PROPANE, TRICHLOROTETRAFLUORO-","127564-91-4"
"CHLOROFLUOROCARBONS AND HALONS (CLASS I AND II OZONE DEPLETING CHEMICALS)","PROPANE,TETRACHLOROTRIFLUORO- (7CI,8CI,9CI)","29470-95-9"
"CHLOROFLUOROCARBONS AND HALONS (CLASS I AND II OZONE DEPLETING CHEMICALS)","PROPANE,TRICHLOROFLUORO- (9CI)","134190-51-5"
"CHLOROFLUOROCARBONS AND HALONS (CLASS I AND II OZONE DEPLETING CHEMICALS)","TETRACHLORO-1,2-DIFLUOROETHANE","76-12-0"
"CHLOROFLUOROCARBONS AND HALONS (CLASS I AND II OZONE DEPLETING CHEMICALS)","TETRACHLOROTETRAFLUOROPROPANE","29255-31-0"
"CHLOROFLUOROCARBONS AND HALONS (CLASS I AND II OZONE DEPLETING CHEMICALS)","TRANS-DICHLOROETHYLENE","156-60-5"
"CHLOROFLUOROCARBONS AND HALONS (CLASS I AND II OZONE DEPLETING CHEMICALS)","TRICHLOROTRIFLUOROPROPANE","61623-04-9"
"CHROME AND CHROME COMPOUNDS","(CHROMATE(5-),BIS[5-[(4-AMINO-6-CHLORO-1,3,5-TRIAZIN-2-YL)AMINO]-4-(HYDROXY-KO)-3-[2-[2-(HYDROXY-KO)-5-NITROPHENYL]DIAZENYL-KN1]-2,7-NAPHTHALENEDISULFONATO(4-)]-,SODIUM HYDROGEN (1:4:1) )","70776-54-4"
"CHROME AND CHROME COMPOUNDS","2-Chloro-1,3-butadiene polymer","9010-98-4"
"CHROME AND CHROME COMPOUNDS","C.I. ACID BLACK 52","5610-64-0"
"CHROME AND CHROME COMPOUNDS","C.I. PIGMENT BLACK 27","68186-97-0"
"CHROME AND CHROME COMPOUNDS","C.I. PIGMENT BLACK 30","71631-15-7"
"CHROME AND CHROME COMPOUNDS","C.I. PIGMENT BLUE 36","68187-11-1"
"CHROME AND CHROME COMPOUNDS","C.I. PIGMENT BROWN 29","12737-27-8"
"CHROME AND CHROME COMPOUNDS","C.I. PIGMENT BROWN 33","68186-88-9"
"CHROME AND CHROME COMPOUNDS","C.I. PIGMENT BROWN 35","68187-09-7"
"CHROME AND CHROME COMPOUNDS","C.I. PIGMENT YELLOW 162","68611-42-7"
"CHROME AND CHROME COMPOUNDS","C.I. Pigment Black 28","68186-91-4"
"CHROME AND CHROME COMPOUNDS","C.I. SOLVENT YELLOW 82","85029-58-9"
"CHROME AND CHROME COMPOUNDS","CHLORIDE CHROMIUM(III) HEXAHYDRATE","10060-12-5"
"CHROME AND CHROME COMPOUNDS","CHROMATE(1-), BIS(4-((4-(ETHYLSULFONYL)-2-HYDROXYPHENYL)AZO)-2,4-DIHYDRO-5-METHYL-2-PHENYL-3H-PYRAZOL-3-ONATO(2-))-, HYDROGEN, COMPDS. WITH HEXAMETHYLENEDIAMINE","106866-56-2"
"CHROME AND CHROME COMPOUNDS","CHROMATE(1-), BIS[4-[[4-(ETHYLSULFONYL)-2-HYDROXYPHENYL]AZO]-2,4-DIHYDRO-5-METHYL-2-PHENYL-3H-PYRAZOL-3-ONATO(2-)]-, COMPD. WITH 1,6-HEXANEDIAMINE (2:1)","69997-91-7"
"CHROME AND CHROME COMPOUNDS","CHROMATE(3-), BIS[3-HYDROXY-4-[(2-HYDROXY-1-NAPHTHALENYL)AZO]-7-NITR...","53036-47-8"
"CHROME AND CHROME COMPOUNDS","CHROME ALUM","7788-99-0"
"CHROME AND CHROME COMPOUNDS","CHROME ANTIMONY TITANIUM BUFF RUTILE","68186-90-3"
"CHROME AND CHROME COMPOUNDS","CHROME ORE","1308-31-2"
"CHROME AND CHROME COMPOUNDS","CHROME-TUNGSTEN-TITANIUM-BUFF-RUTILE","68186-92-5"
"CHROME AND CHROME COMPOUNDS","CHROMIC PHOSPHATE","7789-04-0"
"CHROME AND CHROME COMPOUNDS","CHROMIUM CHLORIDE (CRCL3)","10025-73-7"
"CHROME AND CHROME COMPOUNDS","CHROMIUM HEXACARBONYL","13007-92-6"
"CHROME AND CHROME COMPOUNDS","CHROMIUM HYDROXIDE SULPHATE (CR(OH)(SO4))","12336-95-7"
"CHROME AND CHROME COMPOUNDS","CHROMIUM(III) FLUORIDE","7788-97-8"
"CHROME AND CHROME COMPOUNDS","CHROMIUM(III) HYDROXIDE","1308-14-1"
"CHROME AND CHROME COMPOUNDS","CHROMIUM(III) NITRATE","13548-38-4"
"CHROME AND CHROME COMPOUNDS","CHROMIUM(III) NITRATE NONAHYDRATE","7789-02-8"
"CHROME AND CHROME COMPOUNDS","CHROMIUM, DIAQUATETRACHLORO[.MU.-[N-ETHYL-N-[(HEPTADECAFLUOROOCTYL)SULFONYL]GLYCINATO-.KAPPA.O:.KAPPA.O']]-.MU.-HYDROXYBIS(2-METHYLPROPANOL)DI-","68891-96-3"
"CHROME AND CHROME COMPOUNDS","CHROMIUM-OXIDE","11118-57-3"
"CHROME AND CHROME COMPOUNDS","Chromic sulfate","10101-53-8"
"CHROME AND CHROME COMPOUNDS","Chromium","7440-47-3"
"CHROME AND CHROME COMPOUNDS","Chromium (III) ion","16065-83-1"
"CHROME AND CHROME COMPOUNDS","Chromium(III) Oxide","1308-38-9"
"CHROME AND CHROME COMPOUNDS","DICHROMIUM-ZINC-TETRAOXIDE","12018-19-8"
"CHROME AND CHROME COMPOUNDS","SILICON CHROME","11133-78-1"
"CHROME AND CHROME COMPOUNDS","SPINELS, CHROMIUM MANGANESE ZINC BROWN","71750-83-9"
"CHROME AND CHROME COMPOUNDS","SULFURIC ACID, CHROMIUM SALT","14489-25-9"
"CHROME AND CHROME COMPOUNDS","TRIHYDROGEN BIS[3-[(4,5-DIHYDRO-3-METHYL-5-OXO-1-PHENYL-1H-PYRAZOL-4-YL)AZO]-2-HYDROXY-5-NITROBENZENESULPHONATO(3-)]CHROMATE(3-)","13463-42-8"
"COBALT DICHLORIDE","COBALT(II) CHLORIDE, HEXAHYDRATE","7791-13-1"
"COBALT DICHLORIDE","COBALT-DICHLORIDE","7646-79-9"
"ETHYLENE GLYCOL MONOETHYL ETHER AND ITS ACETATE","2-ETHOXYETHYL ACETATE","111-15-9"
"ETHYLENE GLYCOL MONOETHYL ETHER AND ITS ACETATE","2-Ethoxyethanol","110-80-5"
"ETHYLENE GLYCOL MONOMETHYL ETHER AND ITS ACETATE","2-METHOXYETHYL ACETATE","110-49-6"
"ETHYLENE GLYCOL MONOMETHYL ETHER AND ITS ACETATE","CH3OCH2CH2OH","109-86-4"
"FORMALDEHYDE","FORMALDEHYDE (CH2O)","50-00-0"
"FORMALDEHYDE","Formaldehyde, polymer with ammonia and phenol","35297-54-2"
"HALOGEN","CHLORINE, ATOMIC","22537-15-1"
"HALOGENATED AROMATIC COMPOUNDS AS MONOMERS","1,2,3-TRICHLOROBENZENE","87-61-6"
"HALOGENATED AROMATIC COMPOUNDS AS MONOMERS","1,3,5-TRICHLOROBENZENE","108-70-3"
"HALOGENATED AROMATIC COMPOUNDS AS MONOMERS","3,4-DICHLOROANILINE","95-76-1"
"HALOGENATED AROMATIC COMPOUNDS AS MONOMERS","M-CHLOROANILINE","108-42-9"
"HALOGENATED AROMATIC COMPOUNDS AS MONOMERS","O-CHLOROANILINE","95-51-2"
"HALOGENATED DIOXINS AND FLURANS","1,2,3,4,6,7,8,9-OCTA-CDD","3268-87-9"
"HALOGENATED DIOXINS AND FLURANS","1,2,3,4,6,7,8,9-OCTA-CDF","39001-02-0"
"HALOGENATED DIOXINS AND FLURANS","1,2,3,4,6,7,8-HEPTA-CDD","35822-46-9"
"HALOGENATED DIOXINS AND FLURANS","1,2,3,4,6,7,8-HEPTA-CDF","67562-39-4"
"HALOGENATED DIOXINS AND FLURANS","1,2,3,4,7,8,9-HEPTA-CDF","55673-89-7"
"HALOGENATED DIOXINS AND FLURANS","1,2,3,4,7,8-HEXA-BDD","110999-44-5"
"HALOGENATED DIOXINS AND FLURANS","1,2,3,4,7,8-HEXA-CDD","39227-28-6"
"HALOGENATED DIOXINS AND FLURANS","1,2,3,4,7,8-HEXA-CDF","70648-26-9"
"HALOGENATED DIOXINS AND FLURANS","1,2,3,6,7,8-HEXA-BDD","110999-45-6"
"HALOGENATED DIOXINS AND FLURANS","1,2,3,6,7,8-HEXA-CDD","57653-85-7"
"HALOGENATED DIOXINS AND FLURANS","1,2,3,6,7,8-HEXA-CDF","57117-44-9"
"HALOGENATED DIOXINS AND FLURANS","1,2,3,7,8,9-HEXA-BDD","110999-46-7"
"HALOGENATED DIOXINS AND FLURANS","1,2,3,7,8,9-HEXA-CDD","19408-74-3"
"HALOGENATED DIOXINS AND FLURANS","1,2,3,7,8,9-HEXA-CDF","72918-21-9"
"HALOGENATED DIOXINS AND FLURANS","1,2,3,7,8-PENTA-BDD","109333-34-8"
"HALOGENATED DIOXINS AND FLURANS","1,2,3,7,8-PENTA-CDD","40321-76-4"
"HALOGENATED DIOXINS AND FLURANS","1,2,3,7,8-PENTA-CDF","57117-41-6"
"HALOGENATED DIOXINS AND FLURANS","2,3,4,6,7,8-HEXA-CDF","60851-34-5"
"HALOGENATED DIOXINS AND FLURANS","2,3,4,7,8-PENTA-BDF","131166-92-2"
"HALOGENATED DIOXINS AND FLURANS","2,3,4,7,8-PENTA-CDF","57117-31-4"
"HALOGENATED DIOXINS AND FLURANS","2,3,7,8-TETRA-BDD","50585-81-6"
"HALOGENATED DIOXINS AND FLURANS","2,3,7,8-TETRA-BDF","67733-57-7"
"HALOGENATED DIOXINS AND FLURANS","2,3,7,8-TETRA-CDF","51207-31-9"
"HALOGENATED DIOXINS AND FLURANS","2,3,7,8-TETRACHLORODIBENZO[B,E][1,4]DIOXIN","1746-01-6"
"HALOGENATED DIOXINS AND FLURANS","DIBENZO(B,E)(1,4)DIOXIN, HEXACHLORO","34465-46-8"
"HALOGENATED DIOXINS AND FLURANS","DIBENZO-P-DIOXIN","262-12-4"
"HEXAVALENT CHROMIUM","AIZEN SPILON BLACK TRH","84179-66-8"
"HEXAVALENT CHROMIUM","AMMONIUM DICHROMATE (VI)","7789-09-5"
"HEXAVALENT CHROMIUM","AMMONIUM-CHROMATE","7788-98-9"
"HEXAVALENT CHROMIUM","BARIUM CHROMATE (VI)","10294-40-3"
"HEXAVALENT CHROMIUM","C. I. SOLVENT RED 130","61725-84-6"
"HEXAVALENT CHROMIUM","C.I. PIGMENT GREEN 26","68187-49-5"
"HEXAVALENT CHROMIUM","C.I. PIGMENT YELLOW 36","37300-23-5"
"HEXAVALENT CHROMIUM","CALCIUM CHROMIUM OXIDE","13765-19-0"
"HEXAVALENT CHROMIUM","CALCIUM-DICHROMATE","14307-33-6"
"HEXAVALENT CHROMIUM","CHROM6-COMPOUNDS","13530-68-2"
"HEXAVALENT CHROMIUM","CHROMATE (CRO42-)","13907-45-4"
"HEXAVALENT CHROMIUM","CHROMATE(1-), BIS(2-((4,5-DIHYDRO-3-METHYL-5-OXO-1-PHENYL-1H-PYRAZOL-4-YL)AZO)BENZOATO(2-))-, HYDROGEN, COMPD. WITH 1-TRIDECANAMINE (1:1)","73297-13-9"
"HEXAVALENT CHROMIUM","CHROMATE(1-), BIS(8-((2-HYDROXY-5-SULFAMOYLPHENYL)AZO)-1-ACETYLAMINO...","24305-97-3"
"HEXAVALENT CHROMIUM","CHROMATE(1-), BIS[2-[(4,5-DIHYDRO-3-METHYL-5-OXO-1-PHENYL-1H-PYRAZOL...","41741-86-0"
"HEXAVALENT CHROMIUM","CHROMATE(2-), HEPTADECAOXOTETRAZINCATETETRA-, DIPOTASSIUM","12433-50-0"
"HEXAVALENT CHROMIUM","CHROMIC ACID","11115-74-5"
"HEXAVALENT CHROMIUM","CHROMIC ACID (H2-CRO4), STRONTIUM SALT (1:1)","7789-06-2"
"HEXAVALENT CHROMIUM","CHROMIC ACID (H2CR2O7), ZINC SALT (1:1)","14018-95-2"
"HEXAVALENT CHROMIUM","CHROMIC ACID, POTASSIUM ZINC SALT","41189-36-0"
"HEXAVALENT CHROMIUM","CHROMIC(III) CHROMATE(VI)","24613-89-6"
"HEXAVALENT CHROMIUM","CHROMIC-ACID","7738-94-5"
"HEXAVALENT CHROMIUM","CHROMIUM 6 COMPOUND","13423-61-5"
"HEXAVALENT CHROMIUM","CHROMIUM(VI)","18540-29-9"
"HEXAVALENT CHROMIUM","CHROMIUM(VI) DIOXYCHLORIDE","14977-61-8"
"HEXAVALENT CHROMIUM","CHROMIUM-TRIOXIDE","1333-82-0"
"HEXAVALENT CHROMIUM","DISODIUM (3-METHYL-4-(5-NITRO-2-OXIDOPHENYLAZO)-1-PHENYLPYRAZOLOLATO)(1-(3-NITRO-2-OXIDO-5-SULFONATOPHENYLAZO)-2-NAPHTHOLATO)CHROMATE(1-)","118556-91-5"
"HEXAVALENT CHROMIUM","HEMATITE, CHROMIUM GREEN BLACK","68909-79-5"
"HEXAVALENT CHROMIUM","HYDROGEN BIS(2,4-DIHYDRO-4-((2-HYDROXY-5-METHYL-3-NITROPHENYL)AZO)-5-METHYL-2-PHENYL-3H-PYRAZOL-3-ONATO(2-))CHROMATE(1-)","72928-85-9"
"HEXAVALENT CHROMIUM","HYDROGEN BIS(3-(4-((2-HYDROXY-5-ISOBUTYL-3-NITROPHENYL)AZO)-4,5-DIHYDRO-3-METHYL-5-OXO-1H-PYRAZOL-1-YL)BENZENE-1-SULPHONAMIDATO(2-))CHROMATE(1-)","72928-86-0"
"HEXAVALENT CHROMIUM","MERCURIC DICHROMATE (VI)","7789-10-8"
"HEXAVALENT CHROMIUM","PENTAZINC-CHROMATE-OCTAHYDROXIDE","49663-84-5"
"HEXAVALENT CHROMIUM","POTASSIUM ZINC CHROMATE HYDROXIDE","11103-86-9"
"HEXAVALENT CHROMIUM","POTASSIUM-CHROMATE","7789-00-6"
"HEXAVALENT CHROMIUM","POTASSIUM-DICHROMATE","7778-50-9"
"HEXAVALENT CHROMIUM","SODIUM BICHROMATE","10588-01-9"
"HEXAVALENT CHROMIUM","SODIUM-DICHROMATE","7789-12-0"
"HEXAVALENT CHROMIUM","Sodium chromate VI","7775-11-3"
"HEXAVALENT CHROMIUM","TETRADECYLAMMONIUM BIS(1-(5-CHLORO-1-OXIDOPHENYLAZO)-2-NAPHTHOLATO)C...","88377-66-6"
"HEXAVALENT CHROMIUM","TRISODIUM BIS(2-(5-CHLORO-4-NITRO-2-OXIDOPHENYLAZO)-5-SULFONATO-1-NA...","93952-24-0"
"HEXAVALENT CHROMIUM","ZINC-CHROMATE","13530-65-9"
"HEXAVALENT CHROMIUM","Zinc chromate","1328-67-2"
"HEXCHROME_MERCURY","MERCURIC DICHROMATE (VI)","7789-10-8"
"HYDROFLUOROCARBONS (HFCS)","1,1,1,2,2,3,4,5,5,5-DECAFLUOROPENTANE","138495-42-8"
"HYDROFLUOROCARBONS (HFCS)","1,1,1,2,3,3,3-HEPTAFLUOROPROPANE","431-89-0"
"HYDROFLUOROCARBONS (HFCS)","1,1,1,2,3,3-HEXAFLUOROPROPANE","431-63-0"
"HYDROFLUOROCARBONS (HFCS)","1,1,1,2-TETRAFLUOROETHANE","811-97-2"
"HYDROFLUOROCARBONS (HFCS)","1,1,1-TRIFLUOROETHANE","420-46-2"
"HYDROFLUOROCARBONS (HFCS)","1,1,2,2,2-PENTAFLUOROETHANE","354-33-6"
"HYDROFLUOROCARBONS (HFCS)","1,1,2-TRIFLUOROETHANE","430-66-0"
"HYDROFLUOROCARBONS (HFCS)","1,1-DIFLUOROETHANE","75-37-6"
"HYDROFLUOROCARBONS (HFCS)","CARBON TRIFLUORIDE","75-46-7"
"HYDROFLUOROCARBONS (HFCS)","DIFLUOROMETHANE","75-10-5"
"HYDROFLUOROCARBONS (HFCS)","HFC 245FA","460-73-1"
"HYDROFLUOROCARBONS (HFCS)","HFC 365MFC","406-58-6"
"HYDROFLUOROCARBONS (HFCS)","HFC-134, 1,1,2,2 - TETRAFLUOROETHANE","359-35-3"
"HYDROFLUOROCARBONS (HFCS)","HFC-236CB, 1,1,1,2,2,3-HEXAFLUOROPROPANE","677-56-5"
"HYDROFLUOROCARBONS (HFCS)","HFC-236FA, 1,1,1,3,3,3-HEXAFLUOROPROPANE","690-39-1"
"HYDROFLUOROCARBONS (HFCS)","HFC-245CA, 1,1,2,2,3-PENTAFLUOROPROPANE","679-86-7"
"HYDROFLUOROCARBONS (HFCS)","HFC-41, FLUOROMETHANE","593-53-3"
"HYDROFLUOROCARBONS (HFCS)","SULPHUR-HEXAFLUORIDE","2551-62-4"
"Hexabromocyclododecanes (HBCDDs)","1,2,5,6,9,10-HEXABROMOCYCLODODECANE","3194-55-6"
"Hexabromocyclododecanes (HBCDDs)","Hexabromocyclododecane","25637-99-4"
"Hexabromocyclododecanes (HBCDDs)","alpha-Hexabromocyclododecane","134237-50-6"
"Hexabromocyclododecanes (HBCDDs)","beta-Hexabromocyclododecane","134237-51-7"
"Hexabromocyclododecanes (HBCDDs)","gamma-Hexabromocyclododecane","134237-52-8"
"Hexafluorides (F6)","Iridium hexafluoride","7783-75-7"
"Hexafluorides (F6)","Molybdenum hexafluoride","7783-77-9"
"Hexafluorides (F6)","Neptunium hexafluoride","14521-05-2"
"Hexafluorides (F6)","Osmium hexafluoride","13768-38-2"
"Hexafluorides (F6)","Platinum hexafluoride","13693-05-5"
"Hexafluorides (F6)","Plutonium hexafluoride","13693-06-6"
"Hexafluorides (F6)","Polonium hexafluoride","35473-38-2"
"Hexafluorides (F6)","Rhenium hexafluoride","10049-17-9"
"Hexafluorides (F6)","Rhodium hexafluoride","13693-07-7"
"Hexafluorides (F6)","Ruthenium hexafluoride","13693-08-8"
"Hexafluorides (F6)","SELENIUM HEXAFLUORIDE","7783-79-1"
"Hexafluorides (F6)","SULPHUR-HEXAFLUORIDE","2551-62-4"
"Hexafluorides (F6)","TELLURIUM-HEXAFLUORIDE","7783-80-4"
"Hexafluorides (F6)","Technetium hexafluoride","13842-93-8"
"Hexafluorides (F6)","Tungsten hexafluoride","7783-82-6"
"Hexafluorides (F6)","Uranium hexafluoride","7783-81-5"
"Hexafluorides (F6)","Xenon hexafluoride","13693-09-9"
"LEAD AND LEAD COMPOUNDS","(MALEATO)TRIOXOTETRALEAD","12275-07-9"
"LEAD AND LEAD COMPOUNDS","1,2-BENZENEDICARBOXYLIC ACID, LEAD SALT","16183-12-3"
"LEAD AND LEAD COMPOUNDS","1,2-BENZENEDICARBOXYLIC ACID, LEAD(2+) SALT (1:1)","6838-85-3"
"LEAD AND LEAD COMPOUNDS","2-BUTENEDIOIC ACID (E)-, LEAD(2+) SALT, BASIC","90268-59-0"
"LEAD AND LEAD COMPOUNDS","ACETIC ACID, LEAD(+2) SALT TRIHYDRATE","6080-56-4"
"LEAD AND LEAD COMPOUNDS","BASIC LEAD CARBONATE","1319-46-6"
"LEAD AND LEAD COMPOUNDS","BORIC ACID (HBO2), LEAD(2+) SALT, MONOHYDRATE (8CI, 9CI)","10214-39-8"
"LEAD AND LEAD COMPOUNDS","CYCLO-DI-MU-OXO(MU-PHTHALATO)TRILEAD","17976-43-1"
"LEAD AND LEAD COMPOUNDS","CYCLOHEXANECARBOXYLIC ACID, LEAD SALT","61790-14-5"
"LEAD AND LEAD COMPOUNDS","DIBASIC LEAD METAPHOSPHATE","1344-40-7"
"LEAD AND LEAD COMPOUNDS","DILEAD-DIRUTHENIUM-HEXAOXIDE","37194-88-0"
"LEAD AND LEAD COMPOUNDS","DIOXOBIS(STEARATO)TRILEAD","12578-12-0"
"LEAD AND LEAD COMPOUNDS","FATTY ACIDS, C6-19-BRANCHED, LEAD SALTS, BASIC","68603-83-8"
"LEAD AND LEAD COMPOUNDS","GALENA","1314-87-0"
"LEAD AND LEAD COMPOUNDS","HAL-LUB-N","7428-48-0"
"LEAD AND LEAD COMPOUNDS","LEAD (II) MOLYBDATE","10190-55-3"
"LEAD AND LEAD COMPOUNDS","LEAD 2,4,6-TRINITRO-M-PHENYLENE DIOXIDE","15245-44-0"
"LEAD AND LEAD COMPOUNDS","LEAD ACETATE, BASIC","1335-32-6"
"LEAD AND LEAD COMPOUNDS","LEAD BROWN","1309-60-0"
"LEAD AND LEAD COMPOUNDS","LEAD CAPRYLATE","15696-43-2"
"LEAD AND LEAD COMPOUNDS","LEAD DI(ACETATE)","301-04-2"
"LEAD AND LEAD COMPOUNDS","LEAD FLUORIDE (PBF2)","7783-46-2"
"LEAD AND LEAD COMPOUNDS","LEAD HEXAFLUOROSILICATE (1:1)","25808-74-6"
"LEAD AND LEAD COMPOUNDS","LEAD NITRATE","10099-74-8"
"LEAD AND LEAD COMPOUNDS","LEAD OXIDE SULFATE (PB2O(SO4))","12036-76-9"
"LEAD AND LEAD COMPOUNDS","LEAD OXIDE SULFATE (PB5-O4-(SO4))","12065-90-6"
"LEAD AND LEAD COMPOUNDS","LEAD SELENIDE (PBSE)","12069-00-0"
"LEAD AND LEAD COMPOUNDS","LEAD SULFATE, TRIBASIC","12202-17-4"
"LEAD AND LEAD COMPOUNDS","LEAD TETRAETHYL","78-00-2"
"LEAD AND LEAD COMPOUNDS","LEAD TETRAMETHYL","75-74-1"
"LEAD AND LEAD COMPOUNDS","LEAD TETROXIDE","1314-41-6"
"LEAD AND LEAD COMPOUNDS","LEAD TITANIUM ZIRCONIUM OXIDE","12626-81-2"
"LEAD AND LEAD COMPOUNDS","LEAD ZIRCONIUM OXIDE (PBZRO3)","12060-01-4"
"LEAD AND LEAD COMPOUNDS","LEAD(2+) CYANAMIDE","20837-86-9"
"LEAD AND LEAD COMPOUNDS","LEAD(2+) OCTADECANOATE","1072-35-1"
"LEAD AND LEAD COMPOUNDS","LEAD(II) METHANESULFONATE","17570-76-2"
"LEAD AND LEAD COMPOUNDS","LEAD(II)-ARSENATE","10102-48-4"
"LEAD AND LEAD COMPOUNDS","LEAD, [1,2-BENZENEDICARBOXYLATO(2-)]DIOXOTRI","69011-06-9"
"LEAD AND LEAD COMPOUNDS","LEAD-DIAZIDE","13424-46-9"
"LEAD AND LEAD COMPOUNDS","LEAD-DIPICRATE","6477-64-1"
"LEAD AND LEAD COMPOUNDS","LEAD-PHOSPHITE","16038-76-9"
"LEAD AND LEAD COMPOUNDS","LEAD-SILICATE","15906-71-5"
"LEAD AND LEAD COMPOUNDS","LEAD-SULPHATE","7446-14-2"
"LEAD AND LEAD COMPOUNDS","LEAD-TETRAACETATE","546-67-8"
"LEAD AND LEAD COMPOUNDS","LEAD-THIOSULPHATE","13478-50-7"
"LEAD AND LEAD COMPOUNDS","Lead","7439-92-1"
"LEAD AND LEAD COMPOUNDS","Lead oxide yellow","1317-36-8"
"LEAD AND LEAD COMPOUNDS","Lead titanium oxide (PbTiO3)","12060-00-3"
"LEAD AND LEAD COMPOUNDS","NAPHTHENIC ACID, COBALT LEAD MANGANESE SALT","61789-50-2"
"LEAD AND LEAD COMPOUNDS","PHOSPHORIC ACID, LEAD(2+) SALT (2:3)","7446-27-7"
"LEAD AND LEAD COMPOUNDS","PHTHALATO(2-))OXODILEAD","57142-78-6"
"LEAD AND LEAD COMPOUNDS","PLUMBOUS CARBONATE","598-63-0"
"LEAD AND LEAD COMPOUNDS","SILICIC ACID (H2SIO3),LEAD SALT (8CI,9CI)","22569-74-0"
"LEAD AND LEAD COMPOUNDS","SILICIC ACID (H4SIO4),LEAD(2+) SALT (1:2)","13566-17-1"
"LEAD AND LEAD COMPOUNDS","SILICICACID (H2SIO3), LEAD(2+) SALT (1:1)","10099-76-0"
"LEAD AND LEAD COMPOUNDS","SOPRABEL","3687-31-8"
"LEAD AND LEAD COMPOUNDS","SULFURIC ACID, LEAD SALT","15739-80-7"
"LEAD AND LEAD COMPOUNDS","THIOCYANIC ACID, LEAD(2+) SALT","592-87-0"
"LEAD AND LEAD COMPOUNDS","TRILEAD BIS(CARBONATE) DIHYDROXIDE","1344-36-1"
"LEAD AND LEAD COMPOUNDS","TRILEAD-DIOXIDE-PHOSPHONATE","12141-20-7"
"LEAD AND LEAD COMPOUNDS","lead bisilicate","65997-18-4"
"LEAD AND LEAD COMPOUNDS","lead silicate","11120-22-2"
"MERCURY AND MERCURY COMPOUNDS","(NEODECANOATO-O)PHENYLMERCURY","26545-49-3"
"MERCURY AND MERCURY COMPOUNDS","1-CYANO-3-(METHYLMERCURIO)GUANIDINE","502-39-6"
"MERCURY AND MERCURY COMPOUNDS","2-METHOXYETHYLMERCURY CHLORIDE","123-88-6"
"MERCURY AND MERCURY COMPOUNDS","CHLOROMETHYLMERCURY","115-09-3"
"MERCURY AND MERCURY COMPOUNDS","DIETHYLMERCURY","627-44-1"
"MERCURY AND MERCURY COMPOUNDS","DIMERCURY-DICHLORIDE","10112-91-1"
"MERCURY AND MERCURY COMPOUNDS","DIMERCURY-DICYANIDE-OXIDE","1335-31-5"
"MERCURY AND MERCURY COMPOUNDS","DIMETHYLMERCURY","593-74-8"
"MERCURY AND MERCURY COMPOUNDS","DIPOTASSIUM-TETRACYANOMERCURATE","591-89-9"
"MERCURY AND MERCURY COMPOUNDS","DIPOTASSIUM-TETRAIODOMERCURATE","7783-33-7"
"MERCURY AND MERCURY COMPOUNDS","HG","7439-97-6"
"MERCURY AND MERCURY COMPOUNDS","MERCURIC ACETATE","1600-27-7"
"MERCURY AND MERCURY COMPOUNDS","MERCURIC ARSENATE","7784-37-4"
"MERCURY AND MERCURY COMPOUNDS","MERCURIC BENZOATE","583-15-3"
"MERCURY AND MERCURY COMPOUNDS","MERCURIC BROMIDE","7789-47-1"
"MERCURY AND MERCURY COMPOUNDS","MERCURIC CHLORIDE, AMMONIATED","10124-48-8"
"MERCURY AND MERCURY COMPOUNDS","MERCURIC CYANIDE","592-04-1"
"MERCURY AND MERCURY COMPOUNDS","MERCURIC FLUORIDE","7783-39-3"
"MERCURY AND MERCURY COMPOUNDS","MERCURIC FULMINATE","628-86-4"
"MERCURY AND MERCURY COMPOUNDS","MERCURIC IODATE","7783-32-6"
"MERCURY AND MERCURY COMPOUNDS","MERCURIC IODIDE, RED","7774-29-0"
"MERCURY AND MERCURY COMPOUNDS","MERCURIC OLEATE","1191-80-6"
"MERCURY AND MERCURY COMPOUNDS","MERCURIC OXIDE, RED","21908-53-2"
"MERCURY AND MERCURY COMPOUNDS","MERCURIC SALICILATE","5970-32-1"
"MERCURY AND MERCURY COMPOUNDS","MERCURIC SODIM P-PHENOLSULFONATE","535-55-7"
"MERCURY AND MERCURY COMPOUNDS","MERCURIC STEARATE","645-99-8"
"MERCURY AND MERCURY COMPOUNDS","MERCURIC SUBSULFATE","1312-03-4"
"MERCURY AND MERCURY COMPOUNDS","MERCURIC SUCCINIMIDE","584-43-0"
"MERCURY AND MERCURY COMPOUNDS","MERCURIC SULFIDE, BLACK","1344-48-5"
"MERCURY AND MERCURY COMPOUNDS","MERCURIC THIOCYANATE","592-85-8"
"MERCURY AND MERCURY COMPOUNDS","MERCUROUS ACETATE","631-60-7"
"MERCURY AND MERCURY COMPOUNDS","MERCUROUS BROMIDE","10031-18-2"
"MERCURY AND MERCURY COMPOUNDS","MERCUROUS CHLORATE","10294-44-7"
"MERCURY AND MERCURY COMPOUNDS","MERCUROUS FLUORIDE","13967-25-4"
"MERCURY AND MERCURY COMPOUNDS","MERCUROUS IODIDE","15385-57-6"
"MERCURY AND MERCURY COMPOUNDS","MERCUROUS NITRATE","10415-75-5"
"MERCURY AND MERCURY COMPOUNDS","MERCUROUS OXIDE","15829-53-5"
"MERCURY AND MERCURY COMPOUNDS","MERCUROUS SULFATE","7783-36-0"
"MERCURY AND MERCURY COMPOUNDS","MERCURY, (2-MERCAPTOACETAMIDATO-O,S)METHYL","7548-26-7"
"MERCURY AND MERCURY COMPOUNDS","MERCURY, CHLORO(CYCLOHEXYLMETHYL)-","33631-63-9"
"MERCURY AND MERCURY COMPOUNDS","MERCURY, HYDROXY(NITRATO)DIPHENYLDI","8003-05-2"
"MERCURY AND MERCURY COMPOUNDS","MERCURY-DICHLORIDE","7487-94-7"
"MERCURY AND MERCURY COMPOUNDS","METHYLMERCURY","22967-92-6"
"MERCURY AND MERCURY COMPOUNDS","MURCUROUS CHLORIDE","7546-30-7"
"MERCURY AND MERCURY COMPOUNDS","Mercuric chloride","7484-37-4"
"MERCURY AND MERCURY COMPOUNDS","Mercuric nitrate","10045-94-0"
"MERCURY AND MERCURY COMPOUNDS","Mercuric sulfate","7783-35-9"
"MERCURY AND MERCURY COMPOUNDS","PERCHLOROMETHYLMERCAPTAN","594-42-3"
"MERCURY AND MERCURY COMPOUNDS","PHENYLMERCURY-ACETATE","62-38-4"
"MERCURY_CADMIUM","CADMIUM-MERCURY-SULFIDE","1345-09-1"
"Metals and Metal Compounds","ALUMINUMHYDROXIDE (AL(OH)3)","1333-84-2"
"Metals and Metal Compounds","Aluminum nitride","24304-00-5"
"Metals and Metal Compounds","BARIUM CALCIUM EUROPIUM STRONTIUM SILICATE (BA1.3CA0.2EU0.1SR0.4(SIO4))","374783-70-7"
"Metals and Metal Compounds","BARIUM STRONTIUM NIOBATE","37185-09-4"
"Metals and Metal Compounds","BISMUTH MONOXIDE","1332-64-5"
"Metals and Metal Compounds","BISMUTH TITANIUM OXIDE","12048-51-0"
"Metals and Metal Compounds","BRONZE","12597-70-5"
"Metals and Metal Compounds","Calcium Peroxide","1305-79-9"
"Metals and Metal Compounds","Copper ions","15158-11-9"
"Metals and Metal Compounds","Copper iron zinc oxide","54427-17-7"
"Metals and Metal Compounds","CuFe2O4","12018-79-0"
"Metals and Metal Compounds","Gallium arsenide","1303-00-0"
"Metals and Metal Compounds","INDIUM (III) OXIDE","1312-42-2"
"Metals and Metal Compounds","IRON ALLOY,BASE,FE,CO,NI (SUPER-INVAR","12605-25-3"
"Metals and Metal Compounds","Iron_DNU","7439-89-06"
"Metals and Metal Compounds","Lithium Tantalate","12031-86-2"
"Metals and Metal Compounds","MANGANESE(II) CHLORIDE, ANHYDROUS","7773-01-5"
"Metals and Metal Compounds","Magnesium (Mg)","7739-95-4"
"Metals and Metal Compounds","Niobium","7440-03-1"
"Metals and Metal Compounds","PHOSPHORUS RED","7723-14-0"
"Metals and Metal Compounds","PLATINUM","7440-06-4"
"Metals and Metal Compounds","POTASSIUM","7440-09-7"
"Metals and Metal Compounds","POTASSIUM DICYANOAURATE(I)","554-07-4"
"Metals and Metal Compounds","Palladium","7440-05-3"
"Metals and Metal Compounds","Phosphour bronze","12767-50-9"
"Metals and Metal Compounds","Potassium Bromide","7758-02-3"
"Metals and Metal Compounds","SAMARIUM OXIDE (SM2O3)","12060-58-1"
"Metals and Metal Compounds","SODIUM PROPYNESULFONATE","55947-46-1"
"Metals and Metal Compounds","Sodium saccharin","128-44-9"
"Metals and Metal Compounds","Steel","12597-69-2"
"Metals and Metal Compounds","TETRATERBIUM HEPTAOXIDE","12037-01-3"
"Metals and Metal Compounds","TITANIUM, BIS(ETHYL 3-(OXO-KAPPAO)BUTANOATO-KAPPAO')BIS(2-PROPANOLATO)-","27858-32-8"
"Metals and Metal Compounds","stainless steel","12597-68-1"
"NICKEL AND NICKEL COMPOUNDS","ACETIC ACID, NICKEL(2+) SALT","373-02-4"
"NICKEL AND NICKEL COMPOUNDS","NICKEL HYDROXIDE","11113-74-9"
"NICKEL AND NICKEL COMPOUNDS","NICKEL SULFIDE","12035-72-2"
"NICKEL AND NICKEL COMPOUNDS","NICKEL, ION (NI3+)","22541-64-6"
"NICKEL AND NICKEL COMPOUNDS","NICKEL-CARBONATE","3333-67-3"
"NICKEL AND NICKEL COMPOUNDS","NICKEL-DIHYDROXIDE","12054-48-7"
"NICKEL AND NICKEL COMPOUNDS","NICKEL-DIOXIDE","12035-36-8"
"NICKEL AND NICKEL COMPOUNDS","NICKEL-SULPHIDE","16812-54-7"
"NICKEL AND NICKEL COMPOUNDS","NICKELOCENE","1271-28-9"
"NICKEL AND NICKEL COMPOUNDS","Ni","7440-02-0"
"NICKEL AND NICKEL COMPOUNDS","Nickel","7440-02-2"
"NICKEL AND NICKEL COMPOUNDS","Nickel Chromium","11106-97-1"
"NICKEL AND NICKEL COMPOUNDS","Nickel Sulfate","10101-98-1"
"NICKEL AND NICKEL COMPOUNDS","Nickel monoxide","1313-99-1"
"NICKEL AND NICKEL COMPOUNDS","TETRACARBONYLNICKEL","13463-39-3"
"ORGANIC TIN COMPOUNDS (ORGANOSTANNIC)","BIS(TRIBUTYLSTANNIUM) OXIDE","56-35-9"
"ORGANIC TIN COMPOUNDS (ORGANOSTANNIC)","BUTYNORATE","77-58-7"
"ORGANIC TIN COMPOUNDS (ORGANOSTANNIC)","Bis (tributyltin) fumarate","6454-35-9"
"ORGANIC TIN COMPOUNDS (ORGANOSTANNIC)","Bis (tributyltin) phthalate","4782-29-0"
"ORGANIC TIN COMPOUNDS (ORGANOSTANNIC)","Bis(tributyltin) 2,3-dibromosuccinate","31732-71-5"
"ORGANIC TIN COMPOUNDS (ORGANOSTANNIC)","Bis(tributyltin) maleate","14275-57-1"
"ORGANIC TIN COMPOUNDS (ORGANOSTANNIC)","COPOLYMER OF ALKYL (C=8) ACRYLATE,METHYL METHACRYLATE AND TRIBUTYLTIN METHACRYLATE","67772-01-4"
"ORGANIC TIN COMPOUNDS (ORGANOSTANNIC)","DBOT","818-08-6"
"ORGANIC TIN COMPOUNDS (ORGANOSTANNIC)","DI-N-BUTYLTIN","1002-53-5"
"ORGANIC TIN COMPOUNDS (ORGANOSTANNIC)","DI-N-OCTYLTIN OXIDE","870-08-6"
"ORGANIC TIN COMPOUNDS (ORGANOSTANNIC)","DIBUTYLSTANNIUM DICHLORIDE","683-18-1"
"ORGANIC TIN COMPOUNDS (ORGANOSTANNIC)","DIBUTYLTIN BIS(2-ETHYLHEXANOATE)","2781-10-4"
"ORGANIC TIN COMPOUNDS (ORGANOSTANNIC)","DIBUTYLTIN-HYDROGEN-BORATE","75113-37-0"
"ORGANIC TIN COMPOUNDS (ORGANOSTANNIC)","DIOCTYL TIN (DOT)","15231-44-4"
"ORGANIC TIN COMPOUNDS (ORGANOSTANNIC)","Dibutyltin diacetate","1067-33-0"
"ORGANIC TIN COMPOUNDS (ORGANOSTANNIC)","Dibutyltin maleate","78-04-6"
"ORGANIC TIN COMPOUNDS (ORGANOSTANNIC)","STANNANE, TRIBUTYL","688-73-3"
"ORGANIC TIN COMPOUNDS (ORGANOSTANNIC)","TRIBUTYLTIN CYCLOPENTANE CARBONATE MIXTURE","5409-17-2"
"ORGANIC TIN COMPOUNDS (ORGANOSTANNIC)","TRIBUTYLTIN-1, 2,3,4,4A, 4B, 5,6,10,10A-DECAHYDRO-7-ISOPLOPYL-1, 4A-DIMETHYL-1-PHENANTHRENCARBOXYLATEMIX","26239-64-5"
"ORGANIC TIN COMPOUNDS (ORGANOSTANNIC)","TRIBUTYLTINCHLORIDE","7432-38-3"
"ORGANIC TIN COMPOUNDS (ORGANOSTANNIC)","TRIPHENYL TIN (TPT)","668-34-8"
"ORGANIC TIN COMPOUNDS (ORGANOSTANNIC)","Tributyltin acetate","56-36-0"
"ORGANIC TIN COMPOUNDS (ORGANOSTANNIC)","Tributyltin chloride","1461-22-9"
"ORGANIC TIN COMPOUNDS (ORGANOSTANNIC)","Tributyltin cyclopentane carbonate=mixture","85409-17-2"
"ORGANIC TIN COMPOUNDS (ORGANOSTANNIC)","Tributyltin fluoride","1983-10-4"
"ORGANIC TIN COMPOUNDS (ORGANOSTANNIC)","Tributyltin laurate","3090-36-6"
"ORGANIC TIN COMPOUNDS (ORGANOSTANNIC)","Tributyltin methacrylate","2155-70-6"
"ORGANIC TIN COMPOUNDS (ORGANOSTANNIC)","Tributyltin sulfamate","6517-25-5"
"ORGANIC TIN COMPOUNDS (ORGANOSTANNIC)","Triphenyltin acetate","900-95-8"
"ORGANIC TIN COMPOUNDS (ORGANOSTANNIC)","Triphenyltin chloride","639-58-7"
"ORGANIC TIN COMPOUNDS (ORGANOSTANNIC)","Triphenyltin chloroacetate","7094-94-2"
"ORGANIC TIN COMPOUNDS (ORGANOSTANNIC)","Triphenyltin fatty acid salts (C=9-11)","47672-31-1"
"ORGANIC TIN COMPOUNDS (ORGANOSTANNIC)","Triphenyltin fattyacid((9-11)salt)","94850-90-5"
"ORGANIC TIN COMPOUNDS (ORGANOSTANNIC)","Triphenyltin fluoride","379-52-2"
"ORGANIC TIN COMPOUNDS (ORGANOSTANNIC)","Triphenyltin hydroxide","76-87-9"
"ORGANIC TIN COMPOUNDS (ORGANOSTANNIC)","Triphenyltin-N, N-dimethyldithiocarbamate","1803-12-9"
"PERFLUORO ALKYL SULFONATES (PFAS), AND DERIVATIVES (INCLUDING PFOS)","(2-(METHYL-(1,1,2,2,3,3,4,4,5,5,5-UNDECAFLUOROPENTYLSULFONYL)AMINO)ETHYL PROP-2-ENOATE )","68555-90-8"
"PERFLUORO ALKYL SULFONATES (PFAS), AND DERIVATIVES (INCLUDING PFOS)","1-DECANESULFONIC ACID, 1,1,2,2,3,3,4,4,5,5,6,6,7,7,8,8,9,9,10,10,10-HENEICOSAFLUORO-, AMMONIUM SALT","67906-42-7"
"PERFLUORO ALKYL SULFONATES (PFAS), AND DERIVATIVES (INCLUDING PFOS)","1-DECANESULFONYL FLUORIDE, 1,1,2,2,3,3,4,4,5,5,6,6,7,7,8,8,9,9,10,10,10-HENEICOSAFLUORO-","307-51-7"
"PERFLUORO ALKYL SULFONATES (PFAS), AND DERIVATIVES (INCLUDING PFOS)","1-HEPTANESULFONIC ACID, 1,1,2,2,3,3,4,4,5,5,6,6,7,7,7-PENTADECAFLUORO-, LITHIUM SALT","117806-54-9"
"PERFLUORO ALKYL SULFONATES (PFAS), AND DERIVATIVES (INCLUDING PFOS)","1-HEXANESULFONIC ACID, 1,1,2,2,3,3,4,4,5,5,6,6,6-TRIDECAFLUORO-, LITHIUM SALT","55120-77-9"
"PERFLUORO ALKYL SULFONATES (PFAS), AND DERIVATIVES (INCLUDING PFOS)","1-HEXANESULFONYL FLUORIDE, 1,1,2,2,3,3,4,4,5,5,6,6,6-TRIDECAFLUORO-","423-50-7"
"PERFLUORO ALKYL SULFONATES (PFAS), AND DERIVATIVES (INCLUDING PFOS)","1-NONANESULFONIC ACID, 1,1,2,2,3,3,4,4,5,5,6,6,7,7,8,8,9,9,9-NONADECAFLUORO-, AMMONIUM SALT","17202-41-4"
"PERFLUORO ALKYL SULFONATES (PFAS), AND DERIVATIVES (INCLUDING PFOS)","1-OCTANESULFONAMIDE, 1,1,2,2,3,3,4,4,5,5,6,6,7,7,8,8,8-HEPTADECAFLUORO-","754-91-6"
"PERFLUORO ALKYL SULFONATES (PFAS), AND DERIVATIVES (INCLUDING PFOS)","1-OCTANESULFONAMIDE, 1,1,2,2,3,3,4,4,5,5,6,6,7,7,8,8,8-HEPTADECAFLUORO-N-(2-HYDROXYETHYL)-N-METHYL-","24448-09-7"
"PERFLUORO ALKYL SULFONATES (PFAS), AND DERIVATIVES (INCLUDING PFOS)","1-OCTANESULFONAMIDE, 1,1,2,2,3,3,4,4,5,5,6,6,7,7,8,8,8-HEPTADECAFLUORO-N-METHYL-","31506-32-8"
"PERFLUORO ALKYL SULFONATES (PFAS), AND DERIVATIVES (INCLUDING PFOS)","1-OCTANESULFONAMIDE, 1,1,2,2,3,3,4,4,5,5,6,6,7,7,8,8,8-HEPTADECAFLUORO-N-METHYL-, REACTION PRODUCTS WITH BENZENE-CHLORINE-SULFUR CHLORIDE (S2CL2) REACTION PRODUCTS CHLORIDES","182700-90-9"
"PERFLUORO ALKYL SULFONATES (PFAS), AND DERIVATIVES (INCLUDING PFOS)","1-OCTANESULFONAMIDE, N,N',N""-[PHOSPHINYLIDYNETRIS(OXY-2,1-ETHANEDIYL)]TRIS[N-ETHYL-1,1,2,2,3,3,4,4,5,5,6,6,7,7,8,8,8-HEPTADECAFLUORO-","2250-98-8"
"PERFLUORO ALKYL SULFONATES (PFAS), AND DERIVATIVES (INCLUDING PFOS)","1-OCTANESULFONAMIDE, N,N'-[PHOSPHINICOBIS(OXY-2,1-ETHANEDIYL)]BIS[N-ETHYL-1,1,2,2,3,3,4,4,5,5,6,6,7,7,8,8,8-HEPTADECAFLUORO-, AMMONIUM SALT","30381-98-7"
"PERFLUORO ALKYL SULFONATES (PFAS), AND DERIVATIVES (INCLUDING PFOS)","1-OCTANESULFONAMIDE, N-ETHYL-1,1,2,2,3,3,4,4,5,5,6,6,7,7,8,8,8-HEPTADECAFLUORO-","4151-50-2"
"PERFLUORO ALKYL SULFONATES (PFAS), AND DERIVATIVES (INCLUDING PFOS)","1-OCTANESULFONAMIDE, N-ETHYL-1,1,2,2,3,3,4,4,5,5,6,6,7,7,8,8,8-HEPTADECAFLUORO-N-(2-HYDROXYETHYL)-","1691-99-2"
"PERFLUORO ALKYL SULFONATES (PFAS), AND DERIVATIVES (INCLUDING PFOS)","1-OCTANESULFONAMIDE, N-ETHYL-1,1,2,2,3,3,4,4,5,5,6,6,7,7,8,8,8-HEPTADECAFLUORO-N-(2-HYDROXYETHYL)-, REACTION PRODUCTS WITH N-ETHYL-1,1,2,2,3,3,4,4,4-NONAFLUORO-N-(2-HYDROXYETHYL)-1-BUTANESULFONAMIDE,","68649-26-3"
"PERFLUORO ALKYL SULFONATES (PFAS), AND DERIVATIVES (INCLUDING PFOS)","1-OCTANESULFONAMIDE, N-ETHYL-1,1,2,2,3,3,4,4,5,5,6,6,7,7,8,8,8-HEPTADECAFLUORO-N-[2-(PHOSPHONOOXY)ETHYL]-, DIAMMONIUM SALT","67969-69-1"
"PERFLUORO ALKYL SULFONATES (PFAS), AND DERIVATIVES (INCLUDING PFOS)","1-OCTANESULFONAMIDE, N-ETHYL-1,1,2,2,3,3,4,4,5,5,6,6,7,7,8,8,8-HEPTADECAFLUORO-N-[3-(TRIMETHOXYSILYL)PROPYL]-","61660-12-6"
"PERFLUORO ALKYL SULFONATES (PFAS), AND DERIVATIVES (INCLUDING PFOS)","1-OCTANESULFONYL FLUORIDE, 1,1,2,2,3,3,4,4,5,5,6,6,7,7,8,8,8-HEPTADECAFLUORO-","307-35-7"
"PERFLUORO ALKYL SULFONATES (PFAS), AND DERIVATIVES (INCLUDING PFOS)","1-PROPANAMINIUM, 3-[[(HEPTADECAFLUOROOCTYL)SULFONYL]AMINO]-N,N,N-TRIMETHYL-, CHLORIDE","38006-74-5"
"PERFLUORO ALKYL SULFONATES (PFAS), AND DERIVATIVES (INCLUDING PFOS)","1-PROPANAMINIUM, 3-[[(HEPTADECAFLUOROOCTYL)SULFONYL]AMINO]-N,N,N-TRIMETHYL-, IODIDE","1652-63-7"
"PERFLUORO ALKYL SULFONATES (PFAS), AND DERIVATIVES (INCLUDING PFOS)","1-PROPANAMINIUM, N-(2-HYDROXYETHYL)-3-[(2-HYDROXY-3-SULFOPROPYL) [(TRIDECAFLUOROHEXYL)SULFONYL]AMINO]-N,N-DIMETHYL-, HYDROXIDE, MONOSODIUM SALT","81190-38-7"
"PERFLUORO ALKYL SULFONATES (PFAS), AND DERIVATIVES (INCLUDING PFOS)","1-PROPANAMINIUM, N-(2-HYDROXYETHYL)-N,N-DIMETHYL-3-[(3-SULFOPROPYL)[(TRIDECAFLUOROHEXYL)SULFONYL]AMINO]-, INNER SALT","38850-58-7"
"PERFLUORO ALKYL SULFONATES (PFAS), AND DERIVATIVES (INCLUDING PFOS)","1-PROPANESULFONIC ACID, 3-[[3-(DIMETHYLAMINO)PROPYL][(HEPTADECAFLUOROOCTYL)SULFONYL]AMINO]-2-HYDROXY-, MONOSODIUM SALT","94133-90-1"
"PERFLUORO ALKYL SULFONATES (PFAS), AND DERIVATIVES (INCLUDING PFOS)","1-PROPANESULFONIC ACID, 3-[[3-(DIMETHYLAMINO)PROPYL][(TRIDECAFLUOROHEXYL)SULFONYL]AMINO]-2-HYDROXY-, MONOSODIUM SALT","73772-32-4"
"PERFLUORO ALKYL SULFONATES (PFAS), AND DERIVATIVES (INCLUDING PFOS)","2-(METHYL-(1,1,2,2,3,3,4,4,4-NONAFLUOROBUTYLSULFONYL)AMINO)ETHYL PROP-2-ENOATE","70776-36-2"
"PERFLUORO ALKYL SULFONATES (PFAS), AND DERIVATIVES (INCLUDING PFOS)","2-PROPENOIC ACID, 2-METHYL-, 2-[ETHYL[(HEPTADECAFLUOROOCTYL)SULFONYL]AMINO]ETHYL ESTER","376-14-7"
"PERFLUORO ALKYL SULFONATES (PFAS), AND DERIVATIVES (INCLUDING PFOS)","2-PROPENOIC ACID, 2-METHYL-, 2-[ETHYL[(HEPTADECAFLUOROOCTYL)SULFONYL]AMINO]ETHYL ESTER, TELOMER WITH 2-[ETHYL[(NONAFLUOROBUTYL)SULFONYL]AMINO]ETHYL 2-METHYL-2-PROPENOATE, 2-[ETHYL[(PENTADECAFLUOROHEP","68867-62-9"
"PERFLUORO ALKYL SULFONATES (PFAS), AND DERIVATIVES (INCLUDING PFOS)","2-PROPENOIC ACID, 2-METHYL-, 2-[[(HEPTADECAFLUOROOCTYL)SULFONYL]METHYLAMINO]ETHYL ESTER","14650-24-9"
"PERFLUORO ALKYL SULFONATES (PFAS), AND DERIVATIVES (INCLUDING PFOS)","2-PROPENOIC ACID, 2-METHYL-, 2-[[(HEPTADECAFLUOROOCTYL)SULFONYL]METHYLAMINO]ETHYL ESTER, POLYMER WITH 2-[METHYL[(NONAFLUOROBUTYL)SULFONYL]AMINO]ETHYL 2-METHYL-2-PROPENOATE, 2-[METHYL[(PENTADECAFLUORO","68555-92-0"
"PERFLUORO ALKYL SULFONATES (PFAS), AND DERIVATIVES (INCLUDING PFOS)","2-PROPENOIC ACID, 2-METHYL-, METHYL ESTER, POLYMER WITH ETHENYLBENZENE, 2-[[(HEPTADECAFLUOROOCTYL)SULFONYL]METHYLAMINO]ETHYL 2-PROPENOATE, 2-[METHYL[(NONAFLUOROBUTYL)SULFONYL]AMINO]ETHYL 2-PROPENOATE","71487-20-2"
"PERFLUORO ALKYL SULFONATES (PFAS), AND DERIVATIVES (INCLUDING PFOS)","2-PROPENOIC ACID, 2-METHYL-, POLYMERS WITH BU METHACRYLATE, LAURYL METHACRYLATE AND  2-[METHYL[(PERFLUORO-C4-8-ALKYL)SULFONYL]AMINO]ETHYL METHACRYLATE","127133-66-8"
"PERFLUORO ALKYL SULFONATES (PFAS), AND DERIVATIVES (INCLUDING PFOS)","2-PROPENOIC ACID, 2-[BUTYL[(HEPTADECAFLUOROOCTYL)SULFONYL]AMINO]ETHYL ESTER","383-07-3"
"PERFLUORO ALKYL SULFONATES (PFAS), AND DERIVATIVES (INCLUDING PFOS)","2-PROPENOIC ACID, 2-[BUTYL[(HEPTADECAFLUOROOCTYL)SULFONYL]AMINO]ETHYL ESTER, TELOMER WITH 2-[BUTYL[(PENTADECAFLUOROHEPTYL)SULFONYL]AMINO]ETHYL 2-PROPENOATE, M","68298-62-4"
"PERFLUORO ALKYL SULFONATES (PFAS), AND DERIVATIVES (INCLUDING PFOS)","2-PROPENOIC ACID, 2-[ETHYL[(HEPTADECAFLUOROOCTYL)SULFONYL]AMINO]ETHYL ESTER","423-82-5"
"PERFLUORO ALKYL SULFONATES (PFAS), AND DERIVATIVES (INCLUDING PFOS)","2-PROPENOIC ACID, 2-[[(HEPTADECAFLUOROOCTYL)SULFONYL]METHYLAMINO]ETHYL ESTER","25268-77-3"
"PERFLUORO ALKYL SULFONATES (PFAS), AND DERIVATIVES (INCLUDING PFOS)","2-PROPENOIC ACID, 2-[[(HEPTADECAFLUOROOCTYL)SULFONYL]METHYLAMINO]ETHYL ESTER, POLYMER WITH 2-[METHYL[(NONAFLUOROBUTYL)SULFONYL]AMINO]ETHYL 2-PROPENOATE, 2-[METHYL[(PENTADECAFLUOROHEPTYL)SULFONYL]AMIN","68867-60-7"
"PERFLUORO ALKYL SULFONATES (PFAS), AND DERIVATIVES (INCLUDING PFOS)","2-PROPENOIC ACID, 2-[[(HEPTADECAFLUOROOCTYL)SULFONYL]METHYLAMINO]ETHYL ESTER, TELOMER WITH 2-[METHYL[(NONAFLUOROBUTYL)SULFONYL]AMINO]ETHYL 2-PROPENOATE, .ALPHA.-(2-METHYL-1-OXO-2-PROPENYL)-.OMEGA.-HY","68586-14-1"
"PERFLUORO ALKYL SULFONATES (PFAS), AND DERIVATIVES (INCLUDING PFOS)","2-PROPENOIC ACID, EICOSYL ESTER, POLYMER WITH 2-[[(HEPTADECAFLUOROOCTYL)SULFONYL]METHYLAMINO]ETHYL 2-PROPENOATE, HEXADECYL 2-PROPENOATE, 2-[METHYL[(NONAFLUOROBUTYL)SULFONYL]AMINO]ETHYL 2-PROPENOATE,","68329-56-6"
"PERFLUORO ALKYL SULFONATES (PFAS), AND DERIVATIVES (INCLUDING PFOS)","2-PROPENOIC ACID, POLYMER WITH 2-[ETHYL[(HEPTADECAFLUOROOCTYL)SULFONYL]AMINO]ETHYL 2-METHYL-2-PROPENOATE AND OCTADECYL 2-PROPENOATE","68541-80-0"
"PERFLUORO ALKYL SULFONATES (PFAS), AND DERIVATIVES (INCLUDING PFOS)","2-[METHYL [(PENTADECAFLUOROHEPTYL) SULFONYL] AMINO]ETH","68909-15-9"
"PERFLUORO ALKYL SULFONATES (PFAS), AND DERIVATIVES (INCLUDING PFOS)","AMMONIUM HEPTADECAFLUOROOCTANESULPHONATE","29081-56-9"
"PERFLUORO ALKYL SULFONATES (PFAS), AND DERIVATIVES (INCLUDING PFOS)","BENZOIC ACID, 2,3,4,5-TETRACHLORO-6-[[[3-[[(HEPTADECAFLUOROOCTYL)SULFONYL]OXY]PHENYL]AMINO]CARBONYL]-, MONOPOTASSIUM SALT","57589-85-2"
"PERFLUORO ALKYL SULFONATES (PFAS), AND DERIVATIVES (INCLUDING PFOS)","CHROMIUM, DIAQUATETRACHLORO[.MU.-[N-ETHYL-N-[(HEPTADECAFLUOROOCTYL)SULFONYL]GLYCINATO-.KAPPA.O:.KAPPA.O']]-.MU.-HYDROXYBIS(2-METHYLPROPANOL)DI-","68891-96-3"
"PERFLUORO ALKYL SULFONATES (PFAS), AND DERIVATIVES (INCLUDING PFOS)","CYCLOHEXANESULFONIC ACID, DECAFLUORO(PENTAFLUOROETHYL)-, POTASSIUM SALT","67584-42-3"
"PERFLUORO ALKYL SULFONATES (PFAS), AND DERIVATIVES (INCLUDING PFOS)","CYCLOHEXANESULFONIC ACID, NONAFLUOROBIS(TRIFLUOROMETHYL)-, POTASSIUM SALT","68156-01-4"
"PERFLUORO ALKYL SULFONATES (PFAS), AND DERIVATIVES (INCLUDING PFOS)","FATTY ACIDS, C18-UNSATD., TRIMERS, 2-[METHYL[(NONAFLUOROBUTYL)SULFONYL]AMINO]ETHYL ESTERS","148240-79-3"
"PERFLUORO ALKYL SULFONATES (PFAS), AND DERIVATIVES (INCLUDING PFOS)","FATTY ACIDS, C18-UNSATD., TRIMERS, 2-[METHYL[(PENTADECAFLUOROHEPTYL)SULFONYL]AMINO]ETHYL ESTERS","148240-82-8"
"PERFLUORO ALKYL SULFONATES (PFAS), AND DERIVATIVES (INCLUDING PFOS)","FATTY ACIDS, C18-UNSATD., TRIMERS, 2-[METHYL[(TRIDECAFLUOROHEXYL)SULFONYL]AMINO]ETHYL ESTERS","148240-80-6"
"PERFLUORO ALKYL SULFONATES (PFAS), AND DERIVATIVES (INCLUDING PFOS)","FATTY ACIDS, C18-UNSATD., TRIMERS, 2-[METHYL[(UNDECAFLUOROPENTYL)SULFONYL]AMINO]ETHYL ESTERS","148240-81-7"
"PERFLUORO ALKYL SULFONATES (PFAS), AND DERIVATIVES (INCLUDING PFOS)","FATTY ACIDS, C18-UNSATD., TRIMERS, 2-[[(HEPTADECAFLUOROOCTYL)SULFONYL]METHYLAMINO]ETHYL ESTERS","148240-78-2"
"PERFLUORO ALKYL SULFONATES (PFAS), AND DERIVATIVES (INCLUDING PFOS)","HEPTADECAFLUORO-1-OCTANESULFONIC ACID, COMPD. WITH DIETHANOLAMINE","70225-14-8"
"PERFLUORO ALKYL SULFONATES (PFAS), AND DERIVATIVES (INCLUDING PFOS)","LITHIUM PERFLUOROOCTANE SULFONATE","29457-72-5"
"PERFLUORO ALKYL SULFONATES (PFAS), AND DERIVATIVES (INCLUDING PFOS)","OCTADECYL 2-METHYLPROP-2-ENOATE","68555-91-9"
"PERFLUORO ALKYL SULFONATES (PFAS), AND DERIVATIVES (INCLUDING PFOS)","PERFLUOROOCTANE SULFONIC ACID","1763-23-1"
"PERFLUORO ALKYL SULFONATES (PFAS), AND DERIVATIVES (INCLUDING PFOS)","POLY(OXY-1,2-ETHANEDIYL), .ALPHA.-[2-[ETHYL[(HEPTADECAFLUOROOCTYL)SULFONYL]AMINO]ETHYL]-.OMEGA.-HYDROXY-","29117-08-6"
"PERFLUORO ALKYL SULFONATES (PFAS), AND DERIVATIVES (INCLUDING PFOS)","POLY(OXY-1,2-ETHANEDIYL), .ALPHA.-[2-[ETHYL[(HEPTADECAFLUOROOCTYL)SULFONYL]AMINO]ETHYL]-.OMEGA.-METHOXY-","68958-61-2"
"PERFLUORO ALKYL SULFONATES (PFAS), AND DERIVATIVES (INCLUDING PFOS)","POTASSIUM PERFLUOROOCTANESULFONATE","2795-39-3"
"PERFLUORO ALKYL SULFONATES (PFAS), AND DERIVATIVES (INCLUDING PFOS)","Pentadecafluorooctanoic acid","335-67-1"
"PERFLUORO ALKYL SULFONATES (PFAS), AND DERIVATIVES (INCLUDING PFOS)","SULFONAMIDES, C4-8-ALKANE, PERFLUORO, N-(HYDROXYETHYL)-N-METHYL, REACTION PRODUCTS WITH 1,6-DIISOCYANATOHEXANE HOMOPOLYMER AND ETHYLENE GLYCOL","148684-79-1"
"PERFLUORO ALKYL SULFONATES (PFAS), AND DERIVATIVES (INCLUDING PFOS)","SULFONAMIDES, C4-8-ALKANE, PERFLUORO, N-ETHYL-N-(HYDROXYETHYL), REACTION PRODUCTS WITH 1,1'-METHYLENEBIS[4-ISOCYANATOBENZENE]","68608-14-0"
"PERFLUORO ALKYL SULFONATES (PFAS), AND DERIVATIVES (INCLUDING PFOS)","SULFONAMIDES, C4-8-ALKANE, PERFLUORO, N-ETHYL-N-(HYDROXYETHYL)-, POLYMERS WITH 1,1'-METHYLENEBIS[4-ISOCYANATOBENZENE] AND POLYMETHYLENEPOLYPHENYLENE ISOCYANATE, 2-ETHYLHEXYL ESTERS, ME ET KETONE OXIM","178535-22-3"
"PERFLUORO ALKYL SULFONATES (PFAS), AND DERIVATIVES (INCLUDING PFOS)","SULFONAMIDES, C4-8-ALKANE, PERFLUORO, N-METHYL-N-(OXIRANYLMETHYL)","129813-71-4"
"PERFLUORO ALKYL SULFONATES (PFAS), AND DERIVATIVES (INCLUDING PFOS)","SULFONAMIDES, C7-8-ALKANE, PERFLUORO, N-METHYL-N-[2-[(1-OXO-2-PROPENYL) OXY]ETHYL], POLYMERS WITH 2-ETHOXYETHYL ACRYLATE","98999-57-6"
"PERFLUORO ALKYL SULFONATES (PFAS), AND DERIVATIVES (INCLUDING PFOS)","SULFONAMIDES,C4-8-ALKANE, PERFLUORO, N-(HYDROXYETHYL)-N-METHYL, REACTION PRODUCTS WITHEPICHLOROHYDRIN, ADIPATES (ESTERS)","91081-99-1"
"PERFLUOROCARBONS (PFCS)","BUTANE, DECAFLUORO-","355-25-9"
"PERFLUOROCARBONS (PFCS)","CARBON-TETRAFLUORIDE","75-73-0"
"PERFLUOROCARBONS (PFCS)","CYCLOBUTANE, OCTAFLUORO-","115-25-3"
"PERFLUOROCARBONS (PFCS)","OCTAFLUOROPROPANE","76-19-7"
"PERFLUOROCARBONS (PFCS)","PERFLUOROETHANE","76-16-4"
"PERFLUOROCARBONS (PFCS)","PERFLUOROHEXANE","355-42-0"
"PERFLUOROCARBONS (PFCS)","PERFLUOROPENTANE","678-26-2"
"PHTHALATES","1,2-BENZENEDICARBOXYLIC ACID, DI-C6-8-BRANCHED ALKYL ESTERS, C7-RICH","71888-89-6"
"PHTHALATES","1,2-BENZENEDICARBOXYLIC ACID, DI-C7-11-BRANCHED AND LINEAR ALKYL ESTERS","68515-42-4"
"PHTHALATES","DI-N-OCTYLPHTHALATE (DNOP)","117-84-0"
"PHTHALATES","DIETHYL-PHTHALATE","84-66-2"
"PHTHALATES","DIISODECYL PHTHALATE","68515-49-1"
"PHTHALATES","DIMETHYL-PHTHALATE","131-11-3"
"PHTHALATES","poly(ethylene terephthalate)","29154-49-2"
"POLYBROMINATED BIPHENYLS (PBBs)","2,4,5,2',4',5'-HEXABROMOBIPHENYL","67774-32-7"
"POLYBROMINATED BIPHENYLS (PBBs)","2-Bromobiphenyl","2052-07-5"
"POLYBROMINATED BIPHENYLS (PBBs)","3-Bromobiphenyl","2113-57-7"
"POLYBROMINATED BIPHENYLS (PBBs)","BIPHENYL, 4,4'-DIBROMO- (8CI)","92-86-4"
"POLYBROMINATED BIPHENYLS (PBBs)","Decabromobiphenyl","13654-09-6"
"POLYBROMINATED BIPHENYLS (PBBs)","FIREMASTER BP-6","59536-65-1"
"POLYBROMINATED BIPHENYLS (PBBs)","HEXABROMO-1,1'-BIPHENYL","36355-01-8"
"POLYBROMINATED BIPHENYLS (PBBs)","TRIBROMOBIPHENYL","59080-34-1"
"POLYBROMINATED DIPHENYL ETHERS (PBDEs)","Decabromodiphenyl ether","1163-19-5"
"POLYCHLOROBIPHENYLS AND DERIVATES (PCBS)","1,1'-BIPHENYL, CHLORO DERIVS.","1336-36-3"
"POLYCHLOROBIPHENYLS AND DERIVATES (PCBS)","AROCHLOR 1254","11097-69-1"
"POLYCHLOROBIPHENYLS AND DERIVATES (PCBS)","CHLORODIPHENYL (42% CHLORINE)","53469-21-9"
"POLYCHLOROBIPHENYLS AND DERIVATES (PCBS)","POLYCHLORINATED BIPHENYL (AROCLOR 1260)","11096-82-5"
"POLYCHLOROTERPHENYLS AND DERIVATIVES (PCTS)","CHLORINATED TERPHENYL","61788-33-8"
"Perchlorates","AMMONIUM-PERCHLORATE","7790-98-9"
"Perchlorates","BARIUM-PERCHLORATE","13465-95-7"
"Perchlorates","LITHIUM PERCHLORATE","7791-03-9"
"Perchlorates","MAGNESIUM PERCHLORATE","10034-81-8"
"Perchlorates","POTASSIUM-PERCHLORATE","7778-74-7"
"Perchlorates","Perchlorate","14797-73-0"
"Perchlorates","RUBIDIUM PERCHLORATE","13510-42-4"
"Perchlorates","SODIUM-PERCHLORATE","7601-89-0"
"Perchlorates","ZINC PERCHLORATE","10025-64-6"
"RUBIDIUM AND RUBIDIUM COMPOUNDS","RUBIDIUM BROMIDE","7789-39-1"
"RUBIDIUM AND RUBIDIUM COMPOUNDS","RUBIDIUM CARBONATE","584-09-8"
"RUBIDIUM AND RUBIDIUM COMPOUNDS","RUBIDIUM CHLORIDE","7791-11-9"
"RUBIDIUM AND RUBIDIUM COMPOUNDS","RUBIDIUM FLUORIDE","13446-74-7"
"RUBIDIUM AND RUBIDIUM COMPOUNDS","RUBIDIUM HYDRIDE","13446-75-8"
"RUBIDIUM AND RUBIDIUM COMPOUNDS","RUBIDIUM HYDROXIDE","1310-82-3"
"RUBIDIUM AND RUBIDIUM COMPOUNDS","RUBIDIUM IODIDE","7790-29-6"
"RUBIDIUM AND RUBIDIUM COMPOUNDS","RUBIDIUM NITRATE","13126-12-0"
"RUBIDIUM AND RUBIDIUM COMPOUNDS","RUBIDIUM OXIDE","18088-11-4"
"RUBIDIUM AND RUBIDIUM COMPOUNDS","RUBIDIUM PERCHLORATE","13510-42-4"
"RUBIDIUM AND RUBIDIUM COMPOUNDS","RUBIDIUM TELLURIDE","12210-70-7"
"RoHS Phthalates","BUTYL BENZYL PHTHALATE","85-68-7"
"RoHS Phthalates","Bis (2-ethylhexyl) phthalate (DEHP)","117-81-7"
"RoHS Phthalates","DIISOBUTYL-PHTHALATE","84-69-5"
"RoHS Phthalates","Dibutyl Phthalate","84-74-2"
"SELENIUM AND SELENIUM COMPOUNDS","Dimethyl selenide","593-739-3"
"SELENIUM AND SELENIUM COMPOUNDS","MERCURY (II) SELENIDE","20601-83-6"
"SELENIUM AND SELENIUM COMPOUNDS","NICKEL SELENATE","15060-62-5"
"SELENIUM AND SELENIUM COMPOUNDS","NICKEL SELENIDE","1314-05-2"
"SELENIUM AND SELENIUM COMPOUNDS","SELENIUM SULFIDE","7446-34-6"
"SELENIUM AND SELENIUM COMPOUNDS","Selenium","7782-49-2"
"SELENIUM AND SELENIUM COMPOUNDS","Selenium dioxide","7746-08-4"
"SELENIUM AND SELENIUM COMPOUNDS","Selenium oxide","12640-89-0"
"SELENIUM AND SELENIUM COMPOUNDS","Sodium selenate","10112-94-4"
"SELENIUM AND SELENIUM COMPOUNDS","Sodium selenide","1313-85-5"
"SHORT-CHAINED CHLORINATED PARAFFINS","ALKANES, C10-13, CHLORO","85535-84-8"
"SHORT-CHAINED CHLORINATED PARAFFINS","ALKANES, C12-13, CHLORO","71011-12-6"
"ANTIMONY AND ANTIMONY COMPOUNDS","Polyethylene terephthalate (PET)","25038-59-9"
"ANTIMONY AND ANTIMONY COMPOUNDS","Misc., not to declare","MISC"
"","modifySubstanceTest0","TestCasNo0"
"ANTIMONY AND ANTIMONY COMPOUNDS","modifySubstanceTest1","TestCasNo1"
"CreateGrpTest","TestSubstance2","TestCasNo2"
"","SubstGrpTest1","SubstGrpTest1"
"ANTIMONY AND ANTIMONY COMPOUNDS","SubstGrpTestChangeNameTest","SubstGrpTest2"
"CreateGrpTest2","SubstGrpTest3","SubstGrpTest3"
"CreateGrpTest2","SubstGrpTest4","SubstGrpTest4"
"CreateGrpTest2","SubstGrpTestChangeNameTest2","SubstGrpTest5"
"commonGrpForLevel2Sub","Level2SubNewUniqueGrpCreationTest2","Level2SubNewUniqueGrpCreationTest2"
"commonGrpForLevel2Sub","Level2SubNewUniqueGrpCreationTest1","Level2SubNewUniqueGrpCreationTest1"